,age_pre_mean,age_pre_lo,age_pre_hi,age_post_mean,age_post_lo,age_post_hi,age_diff_mean,age_diff_lo,age_diff_hi,cases_pre,cases_post
AC,"[34.89066137566138, 34.13940271493213, 34.10084154929577, 31.436025862068963, 31.27386557377049, 29.414334437086094, 27.407832558139532, 25.835268199233717, 30.73050176678445, 32.513731565329884, 32.97247042864894, 33.37884326241135, 32.116605993340734, 33.366352189781026, 33.19037079573421]","[32.560317460317464, 31.995475113122172, 32.045422535211266, 29.459590517241377, 29.45565573770492, 27.440231788079473, 25.15279069767442, 23.808333333333334, 29.455624263839812, 31.648091849935316, 32.07738741182854, 32.383546099290776, 30.81453940066593, 32.18880018248176, 32.10941345365053]","[37.100661375661375, 36.32138009049774, 36.16223591549296, 33.40948275862069, 33.3422131147541, 31.365066225165563, 29.637441860465113, 27.881226053639846, 31.88351001177856, 33.451617076326, 33.88239283776451, 34.38086879432624, 33.33856825749168, 34.50921532846715, 34.32079573420837]","[30.590355371900827, 28.352430303030307, 24.701627272727272, 26.12426368159204, 31.165018773466834, 33.14813261648746, 33.33209874476988, 32.706276018099544, 31.897434878587195, 33.270372304199775, 33.89699388379205, 32.11435440180587, 28.21784239130435, 30.68297212543554, 34.677705223880594]","[28.404855371900826, 25.878030303030304, 21.916136363636365, 23.820273631840795, 29.87981852315394, 32.21324372759857, 32.303933054393305, 31.212481146304675, 30.150000000000002, 31.94699205448354, 32.674719673802244, 30.294920993227993, 25.38586956521739, 28.634059233449477, 33.00732276119403]","[32.85134297520661, 30.733636363636364, 27.80090909090909, 28.558084577114425, 32.40322277847309, 34.15229390681004, 34.39422594142259, 34.1802790346908, 33.75060706401766, 34.59599886492622, 35.10953109072375, 33.91884875846501, 30.978804347826088, 32.92334494773519, 36.27257462686567]","[-0.12220295743623996, -0.16858046574525193, -0.27485083630634977, -0.16804150330297796, -0.00244756386521994, 0.1282156449817072, 0.21839246842803908, 0.268092194143248, 0.038435686333953605, 0.023466991703794113, 0.028230453664428147, -0.03760517893336865, -0.12100535188088268, -0.08013328352568348, 0.04512031683433768]","[-0.20393820900619006, -0.2591695182136283, -0.3681777201930074, -0.2583959601523452, -0.08287346703388614, 0.051521769641172686, 0.11445502715977408, 0.1604838283426633, -0.03398041021395732, -0.026840923394595474, -0.0179740321138946, -0.10224198809703804, -0.21476584814386132, -0.15106320206862972, -0.014826355897847976]","[-0.029688140619607745, -0.07574073517108822, -0.16945525500659706, -0.0739025716501116, 0.06885394270056171, 0.20871505337804552, 0.3376956158187157, 0.392702994347238, 0.1094397357869642, 0.07248783493889485, 0.07652504046172555, 0.026613237947125515, -0.029355186805313266, -0.007708061223078183, 0.11008259569313193]","[192, 224, 289, 236, 311, 307, 218, 264, 861, 1585, 1892, 1454, 921, 1128, 1254]","[246, 168, 111, 203, 811, 1432, 1234, 680, 461, 908, 1013, 452, 187, 296, 549]"
AL,"[34.95817543859649, 32.071123376623376, 32.21348762736536, 31.874469832402237, 32.12824499332444, 31.862025442477876, 28.08023084025854, 24.61173560090703, 24.49371748135874, 24.346525852821284, 24.758042067307688, 25.491744057052298, 26.912827522255192, 27.941649596774194, 28.80263680981595]","[29.92719298245614, 30.620008116883117, 31.284461426491994, 31.097653631284917, 31.276001335113484, 30.710149336283187, 27.004501385041554, 23.85958049886621, 23.81754349627175, 23.838167775155544, 24.244158653846153, 25.0033676703645, 26.23753709198813, 27.227953629032257, 28.023701431492842]","[40.40350877192982, 33.51306818181818, 33.170323871906845, 32.64432960893855, 32.9955774365821, 32.94806415929204, 29.201361957525393, 25.348219954648524, 25.220443247721622, 24.86743188157048, 25.313485576923078, 26.007706022187005, 27.583753709198813, 28.67704637096774, 29.586543967280164]","[31.9720527027027, 32.37366125290023, 26.422569852941173, 24.061663400293973, 24.249874574347334, 24.69408435207824, 24.56209532611566, 26.920322940902743, 27.82949059734513, 27.617103363412635, 29.40966069546892, 30.485161056447435, 29.233784971098267, 22.0764875, 22.825054937867883]","[30.72010135135135, 30.792633410672853, 25.315379901960785, 23.29781969622734, 23.31484108967083, 24.069598105134475, 23.99928043306047, 26.179106561191254, 26.991662057522127, 26.59883100902379, 28.489897260273974, 29.428741584671155, 27.509826589595377, 19.896796875, 21.86116742969261]","[33.17503378378378, 33.99390951276102, 27.594638480392156, 24.831626653601177, 25.121240068104424, 25.33086033007335, 25.163843411671508, 27.68193345742206, 28.710301438053097, 28.59567268252666, 30.347299789251842, 31.594601242879335, 31.017543352601155, 24.388203124999997, 23.798005232177893]","[-0.07981554422447448, 0.009976884013438282, -0.17957925063378685, -0.24499135228343955, -0.24506639108747716, -0.22471562998289102, -0.12495999638335312, 0.09406173116488833, 0.13643431739547004, 0.13446502666127744, 0.18804364171584703, 0.19598769320334034, 0.08642428141295719, -0.20977344937886142, -0.20735674178708116]","[-0.21347472709612894, -0.05506377037387057, -0.22028385953656263, -0.27735819469531126, -0.279599289658477, -0.2579432107360594, -0.16415506504887672, 0.04937598399409232, 0.08798588917267165, 0.08512036898304243, 0.1410389940340274, 0.14889830604172227, 0.014883005575605684, -0.2901420778476927, -0.2490510232397393]","[0.08955647709982438, 0.07718684664408394, -0.13578232624817313, -0.2134120806731888, -0.21026416708751391, -0.19051797494312947, -0.08071041011994526, 0.1401132126506888, 0.18354691753677163, 0.18257292064985908, 0.2334193179187322, 0.24375924993599832, 0.15548287514644096, -0.1266336244801941, -0.1662173585192876]","[60, 632, 1406, 1831, 1530, 920, 1091, 2225, 2444, 4704, 4201, 5098, 2735, 2513, 2512]","[756, 435, 820, 2061, 1788, 3299, 3818, 2182, 1833, 1233, 1959, 2032, 921, 333, 1556]"
AP,"[32.641232558139535, 32.947449999999996, 32.87675510204081, 31.90308620689655, 31.852430921052633, 31.925089219330854, 33.883335570469804, 33.760468613138684, 33.467867948717945, 32.03322, 31.237088607594938, 31.649558282208588, 32.298471953578336, 32.4713166226913, 32.30806220095694]","[26.53488372093023, 27.699583333333333, 30.0, 29.87887931034483, 29.82557565789474, 29.546282527881043, 32.372147651006706, 32.331350364963505, 32.12929487179487, 30.383454545454544, 29.778243670886077, 30.165567484662578, 30.62833655705996, 30.41675461741425, 30.355442583732057]","[39.76860465116279, 38.38583333333333, 35.94608843537415, 34.19418103448276, 33.82401315789473, 34.26542750929368, 35.41421979865772, 35.14193430656934, 34.87894230769231, 33.68186363636364, 32.71214398734177, 33.127377300613496, 34.036750483559, 34.49346965699208, 34.20346889952153]","[31.515870967741932, 32.8344609929078, 34.22506114398422, 33.75055766192733, 32.31355692307692, 31.92356451612903, 31.00823917525773, 31.678817330210777, 34.35419844357976, 31.55007075471698, 31.483618902439026, 33.2241106870229, 30.72907526881721, 26.024975308641974, 25.28303125]","[29.276152073732717, 29.70159574468085, 32.65256410256411, 32.3521327014218, 30.206076923076925, 29.964247311827958, 29.36701030927835, 29.7884074941452, 31.92966926070039, 29.111556603773586, 29.438948170731706, 30.84675572519084, 26.171774193548387, 21.912345679012343, 20.8125]","[33.972580645161294, 36.326950354609934, 35.88254437869823, 35.18838862559242, 34.513999999999996, 33.846908602150535, 32.670103092783506, 33.49432084309134, 36.91060311284046, 34.50955188679246, 33.552439024390246, 35.60314885496183, 35.376612903225805, 30.432716049382716, 29.847656249999996]","[-0.023830442031111624, 0.0035775804102255765, 0.04333720712479766, 0.05918689821662206, 0.015470566403392347, 0.0013761458695413051, -0.08435907129687058, -0.06128443169147023, 0.026867118436068628, -0.014431599587170371, 0.008502041126128427, 0.05034681893294439, -0.047893336741363673, -0.19788304138108617, -0.21661100330465127]","[-0.22062319383756238, -0.1763986778092809, -0.059487843230434066, -0.022324942057957035, -0.07382020551771822, -0.08896478578316706, -0.14639859165557867, -0.1234167839274199, -0.055246775781205695, -0.10431797916188776, -0.07038613539482842, -0.03962971071988875, -0.20041626194766546, -0.3341566978613242, -0.3685963788923447]","[0.18393946339388798, 0.21219703276318228, 0.1540988379827908, 0.14243267378086913, 0.11187737301478216, 0.1055096228147637, -0.02055555826700785, 0.0045934826090583665, 0.11370416367003106, 0.08882134135089796, 0.09066679483765118, 0.13926809341518773, 0.10184328840343544, -0.058872177858127955, -0.05715202063161382]","[43, 60, 149, 240, 314, 280, 616, 708, 804, 562, 639, 658, 525, 390, 431]","[225, 146, 525, 653, 334, 379, 488, 430, 265, 220, 336, 268, 96, 83, 64]"
AM,"[27.252760683760687, 26.220841379310347, 21.68456937799043, 18.72118795180723, 18.004115887850464, 16.71836645962733, 13.088799999999999, 15.028518079800499, 15.400383592017738, 17.079323032351525, 19.623048033526757, 19.433329549140446, 20.123805970149252, 20.549862683438157, 23.80127176015474]","[24.135470085470086, 23.295344827586206, 20.12141148325359, 17.272289156626506, 16.72327102803738, 14.974611801242236, 12.108811188811188, 14.388326059850373, 14.730487804878049, 16.4563978754225, 19.020704384268214, 18.811482322413234, 19.550310945273633, 19.474816561844865, 22.622582205029012]","[30.512820512820515, 28.973275862068967, 23.249342105263157, 20.294698795180725, 19.353457943925235, 18.44728260869565, 14.12034965034965, 15.71633416458853, 16.11660199556541, 17.75814823756639, 20.205407801418442, 20.044145313006812, 20.74003198294243, 21.69714360587002, 24.965425531914892]","[16.75932824427481, 16.871442307692305, 12.13162433862434, 14.964083549222797, 16.892541249036235, 17.59633172147002, 19.76823821252639, 20.128744478129057, 18.717835120643432, 22.189618513323982, 27.390671077504724, 26.0380843373494, 25.180707446808512, 23.92629943502825, 25.43540707964602]","[14.873473282442749, 14.89375, 11.195414462081128, 14.275858160621762, 16.10632228218967, 16.640087040618955, 19.19418543279381, 19.416933737548725, 17.509383378016086, 20.95767882187938, 25.729017013232514, 24.42327882960413, 23.324468085106382, 21.220056497175143, 22.79192477876106]","[18.72576335877863, 19.216346153846153, 13.190652557319224, 15.692454663212436, 17.780281418658443, 18.589216634429402, 20.377243138634764, 20.824664356864442, 19.84323056300268, 23.531767180925666, 29.072069943289225, 27.656024096385543, 27.242353723404253, 26.740254237288138, 28.013384955752212]","[-0.3828932156670844, -0.3546146570038837, -0.43973782112553456, -0.19924843927744773, -0.06041897539778108, 0.055488772635693025, 0.5125878527221726, 0.340051764979825, 0.21601526660566356, 0.2997145254732467, 0.39616172874283107, 0.34021605624698753, 0.25162675350623176, 0.16514025177811562, 0.0692718923164507]","[-0.4760284730460917, -0.45754817998888647, -0.49593114232144825, -0.27360003891635293, -0.13735975266090625, -0.06587768105778366, 0.39117092770494644, 0.2670758678353012, 0.12851224163747396, 0.20736831048360327, 0.3011835558796314, 0.24860448118802084, 0.1526743928344302, 0.018528760955884436, -0.05058952188317074]","[-0.2800384557552621, -0.24403460046514808, -0.3654499952039656, -0.12051261120355378, 0.029189253978705074, 0.18984564100953114, 0.636688246287335, 0.4175925762038451, 0.3059802739420179, 0.39405690381906916, 0.49701802399393946, 0.4329540435759779, 0.3603402068473396, 0.3166246167401487, 0.19492866243367685]","[119, 147, 420, 416, 537, 324, 716, 1611, 1812, 2082, 3120, 3102, 2832, 961, 1042]","[264, 209, 567, 1551, 1305, 1038, 2859, 2325, 750, 718, 535, 596, 390, 180, 233]"
BA,"[35.097875618105746, 32.9465966049646, 33.44927131350188, 33.20713074723455, 33.63902620403, 33.00970394451669, 32.79259229918939, 29.968069755637735, 27.595767955603296, 27.197496399665084, 27.44758609900249, 28.352447463768115, 29.33972677994371, 29.594805241476028, 31.610009072978304]","[34.39207873716242, 32.63018425317751, 33.22557819602839, 32.973242907667995, 33.39585705249842, 32.67714997832683, 32.46435151068533, 29.655336813864114, 27.370317758682422, 27.01035445157689, 27.249988634236356, 28.146143892339545, 29.131184196810175, 29.354976334472784, 31.342993096646943]","[35.764292506656524, 33.27386334556001, 33.676758513438074, 33.428844344946945, 33.87832068311196, 33.339109232769836, 33.13277450257922, 30.287830831701832, 27.810385785893303, 27.399750907061122, 27.645667638328028, 28.549467035455486, 29.555494457764343, 29.85036265229205, 31.88175788954635]","[33.26492094771614, 33.036149068322985, 32.24230341604898, 29.398750430448573, 26.93988325163399, 26.948830341653387, 28.314328910137576, 28.70153051835191, 29.512804238194693, 30.580093921315704, 32.3519707131881, 33.803297383418105, 33.73797845038692, 31.081194749911315, 27.75503582089552]","[32.8654374074496, 32.62798069133135, 31.78803577183371, 29.053069777979157, 26.701324550653595, 26.730801026730393, 28.055899356034736, 28.431056384827727, 29.27588380622485, 30.238207433086103, 31.98273298381994, 33.49688553220173, 33.32287442452738, 30.292178077332387, 27.193358208955225]","[33.63379940767741, 33.443579530110725, 32.68287947147921, 29.74689850475759, 27.182111928104575, 27.160193839617634, 28.5767623670602, 28.958608526735507, 29.77401813458306, 30.90601620445018, 32.72358537467233, 34.094913904038236, 34.18653149182094, 31.891965235899253, 28.31647263681592]","[-0.05212966096797279, 0.002745273583640248, -0.036071444547238915, -0.11467484616428504, -0.1991360966396755, -0.1835879738984636, -0.13653874842474398, -0.04223516248701211, 0.06948596711489555, 0.1243860481144961, 0.17869736588822321, 0.19226849410099425, 0.14992399502638973, 0.05024303896891843, -0.12193917432117453]","[-0.07358911393806603, -0.013035883847612086, -0.050710820897086124, -0.12717869731594583, -0.20897427246185074, -0.19448140495942054, -0.14809792117934156, -0.056469180076482196, 0.05715203412704868, 0.1097829964973488, 0.16202163720103493, 0.17854549064967157, 0.13394482038810115, 0.023704155089250122, -0.14155319811055653]","[-0.031213715038378408, 0.019189501946168978, -0.02142730330165783, -0.10270691732619382, -0.19004079701437615, -0.17282931762710044, -0.12397649436540852, -0.028860928875821236, 0.08194156611867372, 0.13784839408440827, 0.19445872081729904, 0.20546618829951774, 0.16732427579078227, 0.07950822994345509, -0.10266318831858001]","[2696, 11985, 25634, 27166, 22617, 11782, 11088, 14044, 28384, 36358, 37967, 31378, 29284, 23218, 20836]","[8968, 7554, 6348, 11230, 24850, 28662, 20813, 19870, 19979, 12653, 11422, 17058, 10709, 2925, 5137]"
CE,"[36.6570207253886, 35.71674936126724, 33.78623974630021, 33.454303346416026, 32.01234871713401, 31.199755233494365, 30.09907851108429, 27.378950100010528, 26.60412608515916, 25.74308447877387, 26.6718340443686, 26.082140607054964, 26.23425261444048, 26.650031505806208, 28.142719038386975]","[35.61565507031828, 35.10102197240675, 33.39776162790698, 33.06241737244371, 31.684625466677257, 30.859778135623547, 29.798369116432703, 27.094587588167176, 26.31173448296226, 25.43883347524632, 26.379851292052656, 25.78597757724911, 25.926434028430084, 26.258271463925375, 27.781566498642885]","[37.6329570688379, 36.331917475728154, 34.16878699788583, 33.81588772980789, 32.3501985860672, 31.547374306673824, 30.404211395540873, 27.65700994841562, 26.890739975196364, 26.05985433645542, 26.984911323744512, 26.39257314738857, 26.530405786210782, 27.01763516086046, 28.494998061264056]","[31.70300425954849, 30.717801978136386, 29.623181251825176, 26.56025519747023, 25.185439184807784, 26.886444732408968, 26.61191219137955, 25.729390884633645, 25.957315746084088, 28.18918249733191, 28.164075177749897, 27.826899408908595, 26.587674681463213, 24.32742450021268, 25.358870073624946]","[31.262306545506174, 30.314711087975013, 29.25736153022486, 26.235807037610172, 24.825331171838815, 26.458500712712194, 26.284269075184824, 25.37380914701693, 25.507656636438583, 27.708492148193322, 27.776950020911755, 27.398308528604602, 25.958158651870118, 23.451159081242025, 24.54080770896492]","[32.15286099673435, 31.12119729307652, 29.99662464713326, 26.881894637690912, 25.5585456229736, 27.367765971232345, 26.931829753103642, 26.083428944453235, 26.41779334982138, 28.674676017685623, 28.57982538686742, 28.292202343255227, 27.19622893547061, 25.26079327945555, 26.191868774361197]","[-0.13496538509538608, -0.1398905162892583, -0.1231877965731591, -0.20604518181606818, -0.21323451716743824, -0.13822064317316166, -0.11583161739419899, -0.06022236343417492, -0.024280655278144783, 0.09505926171092827, 0.055984254070933104, 0.0669333101787443, 0.013505421610836304, -0.08710701596190285, -0.0988763855931964]","[-0.16165990580366058, -0.15861739354172344, -0.1373104359787762, -0.21965459570393844, -0.22691906096440892, -0.15582598298063213, -0.1299710906464584, -0.07678981161549413, -0.04415416030738406, 0.07264867040410611, 0.03591852733157931, 0.04580884927514218, -0.012729591344305865, -0.12076904405908052, -0.1296286869888342]","[-0.10624094343460334, -0.12073675165087822, -0.10820131689667653, -0.19222634747894657, -0.19895263673020075, -0.12074130082295356, -0.10185719824039512, -0.04469429891702263, -0.004565369104820154, 0.11917103327088009, 0.07546030262603781, 0.08831954675248038, 0.04134377590734929, -0.048790443431183925, -0.06670643486755856]","[1388, 4013, 9695, 9922, 12873, 11427, 16091, 19390, 17266, 16721, 16720, 18629, 16328, 10767, 13243]","[7191, 9812, 10515, 15154, 10987, 7846, 14608, 12895, 7454, 6746, 9810, 9788, 5111, 2452, 2364]"
DF,"[31.895296296296294, 34.67411428571428, 33.35883402489626, 32.45698863636363, 31.134732142857143, 31.652584905660376, 34.05190666666666, 33.64130445544554, 32.835616071428575, 31.563030303030303, 31.033926056338025, 30.86414261019879, 30.665591047812818, 31.33874066985646, 31.089667210440457]","[26.145370370370372, 32.14910714285714, 31.618153526970957, 30.63939393939394, 29.333816964285713, 29.81120283018868, 32.473083333333335, 32.19226485148515, 31.421595982142858, 30.518838383838382, 29.891527288732394, 29.78007778738116, 29.400483214649036, 30.067727272727275, 29.970432300163132]","[37.55925925925926, 37.236428571428576, 35.13724066390042, 34.20464015151515, 33.192410714285714, 33.5, 35.57366666666666, 34.99071782178218, 34.243415178571425, 32.642449494949496, 32.13133802816901, 31.959853068280037, 31.83947100712106, 32.58090909090909, 32.288845840130506]","[30.7270081300813, 32.86838271604938, 34.4478281938326, 33.90864444444445, 31.614090322580648, 31.311088560885608, 31.104409770687937, 29.943029350104823, 30.93595303030303, 31.632427609427605, 30.84992222222222, 27.786516057585825, 27.66391645244216, 30.08834256055363, 32.43291032608696]","[28.535975609756097, 30.746604938271606, 32.61640969162996, 32.284841269841266, 29.95758064516129, 30.008148831488317, 29.841450648055833, 28.250995807127886, 29.46352272727273, 30.296043771043774, 29.332916666666666, 26.43169988925803, 26.181073264781492, 27.54195501730104, 31.15484601449275]","[33.113821138211385, 35.000154320987654, 36.25627753303965, 35.60968253968254, 33.43241935483871, 32.67410824108241, 32.239257228315054, 31.50314465408805, 32.388030303030305, 32.948597081930416, 32.369548611111114, 29.081976744186047, 29.12275064267352, 32.77032871972318, 33.70593297101449]","[-0.027874167871589358, -0.05086279610764604, 0.03348136675425842, 0.04552583556430687, 0.016356384909532676, -0.009873238016361094, -0.08604745074867129, -0.10952351631459169, -0.057422151613477225, 0.0025061619108711795, -0.005635794485022947, -0.09942364519038921, -0.09751480451528612, -0.0394836708132477, 0.04357178462467223]","[-0.19766578682936448, -0.1419679544382789, -0.042387340382270815, -0.030948488502595243, -0.06465934395210182, -0.074702033476989, -0.13888755930313346, -0.17014650872858195, -0.11262164604343895, -0.04679042861262904, -0.0641927693757479, -0.15347781486082163, -0.15573014280812678, -0.13242878617787032, -0.008957343777275126]","[0.19457605766875458, 0.042581224530997074, 0.11642535337224176, 0.1313258060144271, 0.10444880837212518, 0.06664582028122074, -0.028126205315289123, -0.04315175734926567, 0.004016740734004161, 0.057841674528770086, 0.054427862033814896, -0.045450517046793606, -0.03604300815280605, 0.06000374724661122, 0.10353745664176951]","[27, 141, 242, 265, 224, 212, 300, 406, 450, 997, 1147, 1169, 998, 1068, 1254]","[123, 162, 227, 317, 312, 818, 1014, 484, 669, 913, 740, 913, 787, 294, 1137]"
ES,"[31.865603174603176, 32.93074693877551, 34.215421965317915, 34.1150355361596, 34.000855563234275, 32.401130281690136, 32.00329645219483, 32.050912367930394, 31.763250627825215, 31.899552048260382, 32.04818923271598, 31.94346399000156, 31.428287200660613, 30.40867292912041, 31.437879635949944]","[28.063095238095237, 31.46938775510204, 33.37465679190751, 33.274797381546136, 33.05666897028335, 31.398723591549295, 31.247669873722188, 31.4586155997514, 31.29104721245605, 31.463660914702583, 31.635778787530196, 31.511455241368537, 30.950272502064408, 29.785212069456307, 30.839908987485778]","[35.69960317460317, 34.47147959183673, 35.09226878612717, 34.96577306733167, 34.915843123704214, 33.391835387323944, 32.75550210463018, 32.64247203231821, 32.25185417713042, 32.35852272727272, 32.4545783964109, 32.43035072644899, 31.905268373245253, 31.037460859664105, 32.04439135381115]","[32.47010488245931, 32.18313950762017, 32.0461184493898, 32.00236280834915, 31.756302343598684, 31.840914388082215, 32.33174136321195, 31.811053651938686, 30.221446904315197, 30.619064045399266, 32.03584149855908, 33.14120926559621, 33.90688774341351, 33.2460525951557, 33.290466512702075]","[31.059358047016275, 31.06896248534584, 31.23548097631012, 31.34778937381404, 31.235032926593068, 31.295092400528002, 31.819140989729227, 31.251375112714157, 29.509821763602254, 29.80175314146737, 31.28240273775216, 32.52795472492761, 33.1557273768614, 32.19650519031141, 32.570793467502476]","[33.93535262206148, 33.31104923798359, 32.88187365398421, 32.63251423149905, 32.28386596939764, 32.41753724306996, 32.859766573295985, 32.358814247069425, 30.941669793621013, 31.4022091609242, 32.735041426512964, 33.79019478810213, 34.68849751813669, 34.40451557093425, 34.03921148135929]","[0.022919497313496472, -0.02219003822633219, -0.06322961853701137, -0.06178484987561611, -0.06584606013943778, -0.017048335590634914, 0.010416281506997662, -0.007393193276144161, -0.04848229642455308, -0.04009523734197682, -0.0003392001375484983, 0.03755272798783878, 0.07893091365449274, 0.09343195608492452, 0.05902886128448029]","[-0.09989062087812878, -0.0779682532587362, -0.09949692809019417, -0.0900300518809165, -0.09486752780793431, -0.052094986076646685, -0.01877114547168102, -0.031753258463217256, -0.07481454712595241, -0.06971338089786774, -0.026364018489663466, 0.012519302269032197, 0.04983782426589662, 0.05132338058978376, 0.02875686776574114]","[0.16771763686784977, 0.0336362008323362, -0.025736306425956534, -0.031790295721743404, -0.0349824716725188, 0.01817403949459065, 0.03919011227801545, 0.01844710796276967, -0.02077164862001938, -0.013216137619559407, 0.02547879328523039, 0.06411831570061967, 0.10982575615777886, 0.1377623343372426, 0.08925810951833137]","[64, 495, 1401, 1622, 1462, 1141, 1669, 3250, 6067, 7253, 8853, 6508, 6150, 3565, 4478]","[556, 856, 1398, 2665, 5254, 5401, 5451, 4509, 2698, 2508, 2837, 3908, 2708, 1493, 3124]"
GO,"[29.820846153846148, 29.369294012511173, 29.58344977890082, 29.386038309859156, 30.45971490177288, 31.233039546858908, 31.54302016524296, 32.18351704802388, 32.957163450318646, 34.67639492973271, 35.09232975201449, 35.08877671109884, 35.21186474576271, 36.14902034224452, 37.034481768356216]","[27.295118343195266, 28.321581769436996, 28.79216677195199, 28.64876056338028, 29.734523239099186, 30.75082904222451, 31.15052163562526, 31.855261372885955, 32.62613993357867, 34.39574400661339, 34.77025267037291, 34.7474687478417, 34.83133474576271, 35.8060580028864, 36.77966435657019]","[32.30784023668639, 30.32004021447721, 30.34249842072015, 30.096521126760564, 31.12444896981313, 31.713105046343973, 31.91374807449937, 32.52160848331374, 33.31543622655058, 34.97384265637917, 35.39590542819664, 35.428016437599275, 35.56875847457627, 36.48860731221222, 37.29750418988087]","[30.545784349969193, 31.431558967512238, 31.640941656744346, 32.43823629392971, 33.340363786202026, 35.414329683041565, 35.34029142046797, 33.61802630488815, 35.72653242749487, 36.53159279279279, 37.364029063224095, 37.323264079261016, 37.81769036697248, 39.33476765957447, 39.58920634777105]","[29.762091805298827, 30.922285269247883, 31.19182258887566, 32.04278913738019, 32.94069048740287, 35.09970116449448, 35.021442921295204, 33.08296913835957, 35.32857958438, 36.20368585977282, 37.06452995696789, 36.97726087604291, 37.36656098219104, 38.887291793313075, 39.18082783253459]","[31.320471349353053, 31.960881174899864, 32.06214492260588, 32.86915654952077, 33.73583411820108, 35.74795442276548, 35.669788466083666, 34.17546603148302, 36.129358871888556, 36.86441637289464, 37.69273253889441, 37.680346766984506, 38.270918780356176, 39.790395136778116, 39.96464418120988]","[0.026109645813159183, 0.0705284428281077, 0.06975788131634278, 0.10404737373660963, 0.09472050054705267, 0.13394704755930997, 0.12042832891660336, 0.044601649230397396, 0.08405827870857911, 0.05351767916903535, 0.0647570285693561, 0.06370504802000501, 0.07403424712243722, 0.08815209775790396, 0.06899692347448355]","[-0.05864414918400253, 0.031223667711159392, 0.03869968095698847, 0.07456204023817228, 0.06771543707380442, 0.11372905095624941, 0.10255310074479787, 0.023830089138439058, 0.06811852505612549, 0.0408576341867353, 0.05111754886620147, 0.04972169411068408, 0.05675549625699446, 0.07245312559946912, 0.05589882412757448]","[0.11979863251876367, 0.11069480998311283, 0.10400926520928636, 0.13626393552752103, 0.12600300587352625, 0.1545958755035643, 0.13744082350475387, 0.06449287735873489, 0.10049885778481014, 0.06652582359253699, 0.0777060450518396, 0.07819855327955207, 0.09094631734468046, 0.10329330500801984, 0.08181221930490322]","[170, 1125, 1590, 1782, 2101, 4899, 7211, 11181, 11288, 18474, 16338, 14790, 12078, 14934, 22717]","[1636, 4537, 5937, 7918, 8614, 13230, 12968, 4930, 8970, 13112, 15569, 13858, 7650, 8491, 11451]"
MA,"[34.17040570102751, 33.79390352504639, 33.494481354315695, 33.231913905841324, 32.916209564812654, 31.94696564687581, 28.937435627530366, 26.900837220149253, 26.43979490655563, 26.818100011249857, 27.960321413257866, 28.55011149100639, 29.26076150727403, 29.736656461148648, 30.482903959652322]","[33.517069937023535, 33.385600114171545, 33.141723891273244, 32.86068003487358, 32.54141261345124, 31.555211304122373, 28.57091542959964, 26.54904850746269, 26.047530744649947, 26.41157329283384, 27.581772575250834, 28.230529953917053, 28.902561809364812, 29.36106418918919, 30.102231999141537]","[34.82403878024528, 34.23267090052804, 33.8319289461135, 33.60295608108108, 33.27581743076565, 32.34071169302567, 29.31464237516869, 27.260625, 26.84696911009974, 27.228850264371694, 28.305651316353657, 28.896253902185226, 29.594802846013195, 30.091989548141893, 30.874109346496404]","[32.92950312744331, 31.59342174492175, 27.22569586090567, 25.90689842403349, 27.049448639325412, 27.205426991150446, 27.852710765651437, 29.308628845957276, 29.75064159552546, 29.406865180854947, 31.06325617047371, 32.27233079285633, 32.63599759513368, 32.95310738507913, 28.185530236283544]","[32.455135848318996, 31.138490675990674, 26.793285325029192, 25.49473651809899, 26.540743579915677, 26.701404016337644, 27.467890757191203, 28.925232546253707, 29.32328893141007, 28.922259773474607, 30.607573202514182, 31.85481458309635, 32.16650162682133, 32.133713262999244, 27.391159391269525]","[33.41201133698202, 32.03636363636364, 27.67819839107305, 26.328404333907905, 27.568805097738597, 27.709543056501023, 28.235942787648053, 29.679037616273128, 30.196577862820135, 29.93027950310559, 31.521282385405488, 32.71108520077352, 33.07655255340218, 33.681876412961564, 28.982879455346414]","[-0.03622408581188459, -0.06507693703766344, -0.18713589627980626, -0.22039821316094693, -0.178202431465566, -0.14838423437535966, -0.03744253597290326, 0.08955794400705105, 0.1252857291338862, 0.09659457032197463, 0.11102351311826683, 0.13041197548342712, 0.11538700157876412, 0.10821150297660932, -0.07532024170676688]","[-0.058705473102547555, -0.08385763131270427, -0.20217399437324243, -0.23531778926048263, -0.19653142043703897, -0.16824692109232803, -0.055101210057571195, 0.06833385569102514, 0.10120317328833361, 0.0719200233949243, 0.09005147441967734, 0.11134971063205581, 0.09573838141515947, 0.07751852938631522, -0.10359271051320443]","[-0.012257323469395348, -0.04733646302559659, -0.17089371454951835, -0.2055445928375065, -0.1587720165540856, -0.12868093662947025, -0.018721749941926314, 0.10998718721355062, 0.14856225978603516, 0.12254167796724359, 0.133383617946381, 0.14979148513469273, 0.1348060650740375, 0.13674791720537233, -0.04501021366489594]","[3072, 7118, 10644, 9303, 8716, 7820, 11266, 10855, 10456, 8996, 11842, 13674, 12824, 9661, 9556]","[5190, 6089, 7807, 8225, 5279, 5948, 9611, 9957, 6930, 5598, 6689, 9085, 7336, 2755, 2561]"
MT,"[34.876652661064426, 32.299723417332515, 32.33656251968504, 32.26906012198664, 32.970446761453395, 33.14202059773829, 33.02933635703919, 31.804028275587413, 27.46458206644144, 27.559551416226597, 27.790128327709038, 30.196654356177966, 31.761605673758865, 31.738067027235846, 32.37279538461539]","[32.99628851540616, 31.484910878918253, 31.71803937007874, 31.710180075515538, 32.348048973143754, 32.49077140549273, 32.33895137880987, 31.11255475906014, 26.99540399774775, 27.184390302448392, 27.41837739032621, 29.767341058371546, 31.239463652482268, 31.191906509561523, 31.666346153846156]","[36.76204481792717, 33.145666871542716, 32.931708661417325, 32.84355213476619, 33.590339652448655, 33.81544830371567, 33.664051161103046, 32.50916965352449, 27.920812218468466, 27.930604896783482, 28.17137701537308, 30.61198723509729, 32.268364361702126, 32.26578616959629, 33.10002307692308]","[33.54195980210266, 33.04853538627769, 32.71026020408163, 31.488361380145278, 26.667203581222775, 27.389764584195287, 29.42680828220859, 31.65759278484298, 31.752949353448276, 31.86104647160069, 32.832141490088866, 32.68852904820767, 32.522475471698115, 33.07196945551129, 32.60867090754877]","[32.57541743970316, 32.355429497568885, 31.89172335600907, 30.63149213075061, 26.196854331343765, 27.00684474555234, 28.882577645705524, 31.023261095250454, 31.193739224137932, 31.080357142857142, 31.85316131237184, 31.62720951792336, 31.275235849056603, 31.55909694555113, 31.3485368956743]","[34.46329622758194, 33.88115883306321, 33.53402777777778, 32.359200968523005, 27.16000967898048, 27.79065215142739, 29.957908358895708, 32.30062289125357, 32.290355603448276, 32.65203313253012, 33.91944634313055, 33.72348578491966, 33.76341981132076, 34.53266932270916, 33.81363443596268]","[-0.03756995486396272, 0.023375037647493404, 0.011650606807619802, -0.02410678360709263, -0.19110095882750075, -0.17347392364938702, -0.10897204367652172, -0.004481339984272592, 0.15622199154826044, 0.15613679674428804, 0.1814878524616704, 0.08257416469571877, 0.024023868985320797, 0.04208937017551037, 0.0074194249374474495]","[-0.09518229277936908, -0.009953883589913056, -0.019919123703963544, -0.05581242763737558, -0.2117747767107539, -0.19374466602963025, -0.1332832085678177, -0.03425737983299297, 0.12990629109613885, 0.1233417673176896, 0.14203872694706235, 0.04347992978074613, -0.018896546584068336, -0.005813246988682937, -0.03473381872637062]","[0.022039149306264327, 0.05926495733678948, 0.042875160561159024, 0.009030176616136932, -0.16885080565824723, -0.15283939410261957, -0.08307707499485388, 0.024597873936875785, 0.18414984070342064, 0.19071101964854148, 0.22301175511159638, 0.12115695221010525, 0.0654553541009921, 0.09159590866527059, 0.051106663608350165]","[362, 1649, 3218, 3487, 3203, 2503, 2791, 2543, 7160, 10499, 10757, 8171, 5744, 5273, 3315]","[1634, 1872, 1788, 1674, 6241, 9744, 5271, 3913, 4731, 2373, 1484, 1644, 1076, 771, 1210]"
MS,"[36.992775280898876, 36.64999600532623, 36.035872586872586, 34.98562084765178, 32.80618629550321, 34.070348288973385, 34.26562764227642, 34.07358693507007, 33.90807435633367, 35.564078167641334, 35.47614645150096, 35.532361988514, 35.84288318297479, 36.19127481114873, 36.799819516562216]","[34.89822097378277, 35.28069241011984, 34.93134652509653, 33.72720504009164, 31.278211991434688, 33.128973384030424, 33.76497967479675, 33.56284290507204, 33.400741503604536, 35.00071637426901, 34.97881311816762, 35.02978284278535, 35.20173490631505, 35.54145610836155, 36.30543419874664]","[38.99634831460674, 37.979194407456724, 37.124879343629345, 36.261254295532645, 34.31017130620985, 35.03311787072243, 34.75624491869919, 34.5329830274324, 34.4626210092688, 36.11410331384016, 35.984617386777714, 36.02638190954774, 36.45823502197548, 36.82813232612659, 37.36012533572068]","[30.451505494505493, 34.43938398018167, 34.290922759190416, 33.90428139298424, 32.87407678883071, 35.84942854230376, 35.78312308963238, 33.54240743073048, 36.48026031746031, 36.719720488903185, 36.429551578947375, 36.464189471440754, 35.56900039808918, 34.805851963746214, 38.17946276889134]","[28.114835164835167, 33.48874896779521, 33.78531082197439, 33.371072699542445, 31.850698080279233, 35.31311416921508, 35.24988641057414, 32.54345088161209, 35.80258297258297, 36.0111933097459, 35.639973684210524, 35.82777067348679, 34.72407444267516, 33.23712235649547, 37.51882239382239]","[32.96854395604395, 35.48922378199835, 34.817523750516315, 34.45885231316726, 34.009751308900526, 36.38004587155963, 36.29845105328377, 34.49527707808564, 37.14431457431458, 37.37670472820842, 37.20541228070175, 37.09069160272805, 36.38182722929936, 36.360234138972814, 38.82591009376724]","[-0.17618910256355685, -0.05997782742664235, -0.0481926598168218, -0.030606063318722603, 0.0026432548553103168, 0.0524412903900754, 0.044345982940234285, -0.015533211315788976, 0.07592534003377184, 0.03256567887104966, 0.02693174910799205, 0.026282076064462437, -0.00756391575285021, -0.03819388668532433, 0.037549357487163794]","[-0.2543037176954457, -0.1029678880267784, -0.07979372745121238, -0.0682251511693527, -0.05339528322967894, 0.02046730429575544, 0.022409785154828627, -0.04897463061057508, 0.0503846993649088, 0.006508776069921096, -0.0006054976549247303, 0.003864974084240597, -0.03738860981384848, -0.08344309974803805, 0.01367015923060978]","[-0.09169378585923936, -0.01327351439649155, -0.016248457837690952, 0.00686541442521328, 0.06268218305407595, 0.08697120745224915, 0.065053751417528, 0.015846323519714788, 0.1023544858913354, 0.05960601144418823, 0.05566799413786265, 0.05042889141869717, 0.022384745651980054, 0.00962458483535914, 0.060273258564462535]","[269, 758, 1049, 884, 477, 1338, 5041, 5185, 4971, 5246, 5900, 5706, 4456, 3957, 5759]","[186, 1234, 4959, 4033, 1164, 5020, 4962, 1624, 3576, 3213, 2927, 4864, 2621, 685, 3764]"
MG,"[33.859943448275864, 34.14129516129033, 34.341091477716965, 33.87151929092805, 33.43519923518164, 32.55324498141264, 32.89506709451575, 31.787600258732216, 31.809542882147028, 33.96091439782191, 34.37513218765271, 34.48800183066362, 33.863058268437925, 34.55782221393962, 35.77540392001059]","[32.4178275862069, 33.35604838709678, 33.77093432369038, 33.30528545359749, 32.7043690248566, 31.89539962825279, 32.309218203033836, 31.288296987617816, 31.325288068844806, 33.598476537475975, 33.98582016615084, 34.08985125858124, 33.49588639486945, 34.1757617405889, 35.44073467090452]","[35.292655172413795, 34.87741935483871, 34.917389887933275, 34.425097758081336, 34.184608030592734, 33.24877323420074, 33.55457992998833, 32.30444927000554, 32.28780994749125, 34.335602178090966, 34.757566378889074, 34.87653775743707, 34.23702931745304, 34.952015001863586, 36.113845848232025]","[32.154841017488074, 32.952190742624616, 32.84196924671735, 31.37888891681327, 31.517407489803485, 34.81486932103099, 34.98924263376236, 32.05431166797181, 34.24683712825279, 35.07576118592528, 36.565612496882025, 36.3482255445046, 36.098822082724226, 36.3774061210454, 38.02373181305818]","[31.178736089030206, 32.16632756866735, 32.1961212854181, 30.76470846946469, 31.009589358546535, 34.411362952562435, 34.581685458993725, 31.42142391020621, 33.8033312035316, 34.64606320590791, 36.11718633075579, 36.02964245247387, 35.71656204316794, 35.63027854195324, 37.64619353160496]","[33.194952305246424, 33.83036622583926, 33.53084830684175, 31.952557175169638, 32.03881164256581, 35.220063183231375, 35.389511754068714, 32.68059253458627, 34.71205274163569, 35.52905897046047, 37.00256610127214, 36.676471421377315, 36.49137286095107, 37.135170220082536, 38.41978886673025]","[-0.04990543439061285, -0.034689751750392836, -0.04358207160517685, -0.07352189302733445, -0.05723631519068743, 0.06959686348044138, 0.0637625874602707, 0.008459897958301795, 0.07668463121025308, 0.03285751315682307, 0.06375441250965025, 0.05397482454393406, 0.0660599120833194, 0.05268675893885008, 0.06287060023724744]","[-0.09824806468068108, -0.06711492426935928, -0.06776330687938764, -0.0968577642916875, -0.0833784674146708, 0.04470212175925865, 0.04084347951062725, -0.016608240527337646, 0.05613387654841867, 0.015767518110368983, 0.047193790940041724, 0.0374359349668995, 0.049371335983033914, 0.028080756352475665, 0.04873310921389983]","[0.0018363323784446823, 0.002213933233965373, -0.018316162771812205, -0.050052951892039406, -0.03080975096581191, 0.09590731323517644, 0.08661014472668283, 0.0350688887182371, 0.098142576072915, 0.04962597980362625, 0.08097521799126112, 0.07023783771904686, 0.08303929318439969, 0.07604248024691836, 0.07804628976806906]","[745, 2526, 3906, 3891, 2655, 2739, 3493, 5518, 6984, 12823, 12622, 11253, 11258, 11092, 15616]","[1275, 2009, 2948, 4054, 5500, 10253, 9692, 3930, 8889, 9531, 8288, 16481, 12100, 3012, 11946]"
PA,"[31.83506156521739, 32.04172158693115, 31.738291777454474, 31.652661977573903, 31.154406425789702, 30.843538645608998, 30.24011889904168, 29.82858884442221, 29.719147798419378, 29.892380623007114, 29.8187834260125, 30.20670006626278, 30.147209064411044, 30.663796978693682, 30.477813279530448]","[31.401173913043475, 31.74943212757682, 31.49604299403, 31.404625382263, 30.88284157291216, 30.57282992342666, 29.990515656340538, 29.586058029014506, 29.459532484860926, 29.645268579838117, 29.589862703607107, 29.948692493373724, 29.871273646910897, 30.3210880195599, 30.083749082905356]","[32.27531739130435, 32.33443407234539, 32.00333617619024, 31.888779306829765, 31.418560688013844, 31.10489501076813, 30.498169712502786, 30.090453976988492, 29.965785692291902, 30.13564998773608, 30.062805718222528, 30.454489303294206, 30.410907584157282, 31.010587670275935, 30.88836512594766]","[31.106865994741455, 30.522588881993084, 29.977178121085593, 29.67099203214383, 29.68671015058126, 30.090157073565074, 29.81402751465945, 30.19596762536873, 30.758337314058245, 30.046246448742085, 30.937879037962745, 31.58289393375512, 30.91386540321021, 29.711832662642525, 29.090027221366203]","[30.76646801051709, 30.20502260838727, 29.63276617954071, 29.399106169980932, 29.373383006943904, 29.778455941794665, 29.540038017913524, 29.895003687315633, 30.37165828619317, 29.526073934622627, 30.36934685215751, 31.089839970227022, 30.38110616901953, 28.996856136820927, 28.244093477144325]","[31.43884092900964, 30.837130951325474, 30.2957369519833, 29.944768114955053, 29.99396504642272, 30.4031103476152, 30.084741284876603, 30.507523967551624, 31.105591347161116, 30.503966284442924, 31.49542560716812, 32.10520096762188, 31.43415200154709, 30.471336351441984, 29.90870570107858]","[-0.022825233188367974, -0.047391146169084845, -0.05547466769019994, -0.06259127487926419, -0.04709378442653152, -0.024406632136750255, -0.014070751303454986, 0.012336734799993164, 0.03498674960381918, 0.00516480685867329, 0.03754605936715483, 0.045581232521303916, 0.025450741358627318, -0.0310160195216637, -0.04548895941298124]","[-0.040034498272524886, -0.06032214817363815, -0.06749569704646274, -0.07356582705301264, -0.05908155779873447, -0.03766932300421866, -0.026820842947430618, -0.0011437256111700212, 0.01927179728613749, -0.012466373962055745, 0.017306427585496165, 0.026565922305305762, 0.005083062985027853, -0.05578831227527963, -0.07704432265911632]","[-0.00535654442865928, -0.03429996459320289, -0.04338957580791529, -0.051677537329452336, -0.03369971284592958, -0.010752606794898483, -0.0014733589435202562, 0.026426361505368586, 0.050334479052472174, 0.023273298996517568, 0.05797585543844916, 0.06618448152690277, 0.04572269191624447, -0.004109355221447341, -0.015327657860863748]","[5823, 13003, 20170, 19855, 18717, 16921, 18156, 20207, 19692, 20576, 20532, 21360, 17734, 11620, 8309]","[11550, 11413, 12114, 14836, 12949, 12483, 15676, 13733, 9685, 5936, 4308, 5480, 5293, 3046, 1975]"
PB,"[37.088887780548625, 35.741538517048525, 35.78102860562537, 35.41889279063581, 35.755179451231726, 34.59011790102956, 32.43936207297235, 28.96330666422556, 28.573622414441516, 26.50813458141999, 26.29188191356927, 26.07556035437431, 27.463357280532676, 28.35740398765725, 29.886055004024687]","[36.18619077306733, 35.22110319321667, 35.373907839617, 34.995337855812714, 35.25033546965752, 33.90937396213882, 31.84293516151522, 28.424308861222997, 28.032643851071832, 26.022876192158247, 25.79225947003379, 25.602531245056163, 26.981903802347993, 27.748783527177782, 29.25417225650657]","[38.030813591022444, 36.22122947862169, 36.19098444045482, 35.86722200053206, 36.28920989385139, 35.26714546662238, 33.00133046711597, 29.52408458440132, 29.117534787514103, 26.98888202048746, 26.818277609816825, 26.5328587248853, 27.934650429297353, 28.98760384524092, 30.518050711027637]","[35.611116918844566, 34.42863725490196, 30.717786085150568, 28.4351006044905, 27.53925529303467, 26.128774360634505, 25.857617986631556, 26.643190658499233, 28.217871730223763, 29.09235418875928, 30.50817027863777, 35.25665920931658, 34.70661662394728, 19.673756812339327, 20.174796976983853]","[34.84346629986245, 33.64917557932264, 29.98979750778816, 27.873024611398964, 26.890081313286284, 25.479823567497572, 25.3353807980555, 26.029358090862686, 27.560880869839266, 28.37059915164369, 29.653715170278637, 34.49151087955869, 33.813154522153056, 18.870269922879178, 19.555187220886292]","[36.43243924805135, 35.164304812834224, 31.412720664589823, 29.018744602763384, 28.216991408407488, 26.772855292975073, 26.394429815677537, 27.23395865237366, 28.899290891900407, 29.81073700954401, 31.421246130030962, 36.046054244560224, 35.57558586598316, 20.524524421593828, 20.8665578838887]","[-0.03968437655434856, -0.036683339500163926, -0.1414792108214918, -0.1971463581363408, -0.2297411306257433, -0.24454328310196596, -0.20282436150327712, -0.0800234711849016, -0.012354573479260396, 0.09758623541201115, 0.16047714290949855, 0.3521956738741153, 0.2638448746759238, -0.30613961591895866, -0.3248571580850722]","[-0.07087196802134459, -0.06107439584899527, -0.16346754194660504, -0.2149656744000263, -0.2507916816344959, -0.26810808656757334, -0.2247616806973755, -0.10643099150271196, -0.042946951846374384, 0.06424874404045483, 0.11901848625171482, 0.3179489640519445, 0.22407968794330882, -0.33833693030712575, -0.3517216487759621]","[-0.008109589226678534, -0.009760918525414839, -0.11998802756828637, -0.17797865974572313, -0.20802954602350518, -0.22076002305274575, -0.18087090257382574, -0.0534335360588011, 0.019219177361528138, 0.13166372817085745, 0.2013273861909478, 0.38934878408583024, 0.3029058383450974, -0.2718181347057708, -0.2965400041130428]","[1643, 5702, 8593, 7742, 5134, 3095, 4397, 5569, 5422, 5769, 5722, 6427, 5810, 4299, 3822]","[2243, 2303, 2946, 4717, 3328, 3146, 5017, 3986, 3234, 2889, 1998, 3464, 2907, 1977, 2945]"
PR,"[29.608, 31.844293051359518, 32.268741488020176, 31.95451225490196, 31.618765598650928, 29.927034843205575, 33.97236219262295, 33.58294759007955, 33.417545028142584, 33.828668124006356, 33.04865501858736, 32.986450714285716, 34.6108021440662, 36.04920650953984, 36.633539561000504]","[24.95625, 30.207779456193354, 31.171784363177807, 30.851593137254902, 30.283094435075885, 28.020905923344948, 33.149500512295084, 32.85364997660271, 32.650879455909944, 33.04401828298887, 32.43541511771995, 32.4145, 34.06431728418281, 35.51118593340816, 36.198280372639104]","[33.834375, 33.519712990936554, 33.413776796973515, 33.1140012254902, 32.99886172006745, 31.840592334494772, 34.71128329918032, 34.31784043051006, 34.190736397748594, 34.5741653418124, 33.66972118959108, 33.58873809523809, 35.12772239984954, 36.59292461653573, 37.070999234303216]","[28.315580152671757, 30.839083333333328, 34.159741970021415, 33.75484654215043, 29.41417857142857, 34.35753849577214, 33.220462667353246, 31.271872148288974, 36.23943213374894, 36.42356043737575, 36.50641293532338, 36.833544258598, 35.885515354747625, 31.570697542533082, 37.75065767634855]","[25.686068702290076, 28.795208333333335, 33.39756423982869, 32.91667087329632, 27.826011904761906, 33.58631508678238, 32.64701982492276, 30.44429657794677, 35.56927599886654, 35.8552634194831, 35.91139411637465, 36.261219695545954, 35.1481556653724, 30.073440453686203, 36.918503630705395]","[31.162213740458014, 32.84229166666667, 34.911830835117776, 34.556903079252905, 31.085773809523808, 35.093213173119715, 33.85213053553038, 32.07902804182509, 36.913608671011616, 37.01671471172962, 37.06481181051265, 37.39411294869385, 36.591678432756794, 33.24385633270322, 38.59496887966805]","[-0.03821104492837006, -0.03084125765933061, 0.05895754559927394, 0.05670751928138323, -0.06928785796493372, 0.14925424734446477, -0.021995234647986247, -0.06870066146665842, 0.08458597272209906, 0.07684656101680014, 0.1047291642606544, 0.11671752981292162, 0.036891235755023344, -0.1241868960739586, 0.03053419194920074]","[-0.19008798040082459, -0.1102782745772661, 0.01395931044640984, 0.01240189212010352, -0.13669548486394223, 0.07168550110027255, -0.0497338980950324, -0.098812374292382, 0.05303244595050265, 0.0481364678392592, 0.07763826588031593, 0.09124715507031143, 0.009737318552812546, -0.1700740843168505, 0.003339809029427721]","[0.14288419195212704, 0.05414535800569313, 0.1043773882045617, 0.10285540934484565, -0.0035543768671020973, 0.22924732575842824, 0.007224335030330102, -0.036925892585185645, 0.1167482125451413, 0.10852698895139398, 0.13196540086603342, 0.1418813978987634, 0.062066735532555976, -0.07733360761494742, 0.05731878876191249]","[24, 332, 800, 823, 599, 291, 1983, 2174, 2166, 2555, 4105, 4273, 5469, 5512, 8080]","[131, 244, 1899, 2014, 427, 2280, 3953, 2145, 3644, 5192, 4756, 5492, 2928, 535, 1998]"
PE,"[34.60335265104809, 33.19605123776627, 32.93211636668062, 32.54305224731919, 32.10268493150685, 29.103060247444866, 23.57202321932852, 20.970484446898585, 20.04564521255463, 20.69868489192001, 22.104082575090498, 23.050195885366634, 24.78069394476818, 26.07055888501742, 28.97617419158023]","[33.21661528976572, 32.527878526194584, 32.36265696944328, 31.96664955509925, 31.278938356164385, 28.21714631522324, 22.89639159083778, 20.47644487391865, 19.5270013905443, 20.304499479828923, 21.72715487721358, 22.704745036823564, 24.315771472004055, 25.456207897793263, 28.153340451494813]","[36.005240443896426, 33.88240500863558, 33.475837170364166, 33.12855350216746, 32.931552511415525, 30.051654115115653, 24.272372136805775, 21.468884594146882, 20.591974572904252, 21.128603629638192, 22.463264357694943, 23.406203970541146, 25.250953255637192, 26.694738675958188, 29.79064215985357]","[31.845703160270876, 28.238075537075535, 22.1870986382039, 19.746777354260093, 20.20821945288754, 21.108934625105306, 22.08305701254276, 24.60906001963259, 26.350025776053215, 25.474929452054795, 29.77153558648111, 30.634659981343283, 27.703380114981403, 17.47611649911295, 17.858233459357276]","[30.504288939051918, 27.28118503118503, 21.47386823702613, 19.156036995515695, 19.557948328267475, 20.61911962931761, 21.693132580076707, 24.160924134062544, 25.66545177383592, 24.416318493150687, 28.82131212723658, 29.837459188432838, 26.711870138654042, 16.623846836191603, 17.250937303087586]","[33.171585778781036, 29.25280665280665, 22.93341921236658, 20.35403587443946, 20.84580547112462, 21.610901432181972, 22.47142894163989, 25.097616042630765, 27.04116546563193, 26.625102739726028, 30.747912524850893, 31.41923973880597, 28.62332600608725, 18.409373151981075, 18.514957466918716]","[-0.07931984804643255, -0.14926751917302333, -0.326225715938712, -0.39315255757279727, -0.3704030820984134, -0.27449601007892327, -0.0629600734678502, 0.17369441878903033, 0.31475725501854074, 0.23087050638015638, 0.34698412207171897, 0.32912242692068233, 0.11804405996400291, -0.32957211493473404, -0.3835617049513518]","[-0.13066674943574993, -0.18093941712187533, -0.3504174515087623, -0.41418741178516943, -0.39601455500668453, -0.30353224364647086, -0.09452831961826427, 0.13905297262108446, 0.26504568071794266, 0.17468579187409483, 0.2988833937620614, 0.2893083013129066, 0.07406276600821148, -0.36473848909594064, -0.41141626643207185]","[-0.02760700238623112, -0.11508055211948709, -0.29958821792258894, -0.37149935214692903, -0.34527141911888504, -0.24691613547764626, -0.030341764845306846, 0.21162014535503168, 0.3640209078194129, 0.29058563659763353, 0.3989623839570452, 0.3678289396878031, 0.16124585337725544, -0.2922774420926829, -0.3556927272445926]","[836, 3559, 4897, 4492, 2248, 1903, 3240, 5509, 5098, 8747, 10352, 12693, 8058, 4420, 3497]","[910, 1472, 2761, 4516, 3330, 5999, 9770, 7276, 3705, 1497, 2715, 4748, 3244, 1715, 3218]"
PI,"[34.41227232924693, 35.23435858369099, 35.61569879852125, 35.75018364298384, 35.90835582154516, 35.60008767293642, 34.337792056331836, 33.01671243018574, 32.55366440309656, 32.46720957820738, 32.32412836308775, 31.883912973706952, 31.873558197747183, 32.24230064591897, 32.91040433031219]","[33.355035026269704, 34.74974248927038, 35.252067929759704, 35.39892633741014, 35.55028934612721, 35.114934711643095, 33.93206623390912, 32.599006364462916, 32.131023360043464, 32.02426405975396, 31.899512823736483, 31.46129798790273, 31.40502972465582, 31.733969465648855, 32.272255790533734]","[35.437390542907174, 35.730912017167384, 35.965549907578556, 36.08583232191205, 36.254016223167476, 36.05385123581533, 34.71291121135439, 33.46004675931939, 33.00968694825479, 32.928203719976565, 32.72951030927835, 32.30344093321813, 32.353934605757196, 32.74541495400274, 33.51827794561934]","[35.89827677893138, 35.59575425925926, 33.57017155353961, 32.03590201342282, 32.558101796407186, 32.95897189739721, 31.75765070616604, 31.600783707297353, 32.45657967914438, 32.276096304193324, 32.9351844083894, 34.647450526315794, 34.9017993754879, 36.55883717948718, 34.61348821218075]","[35.294618890858445, 35.1064537037037, 33.07316944759437, 31.54014381591563, 31.94733941208492, 32.427258581667296, 31.28073544609025, 31.066227006266423, 31.808870320855615, 31.5795842217484, 32.12661258409181, 33.71971052631579, 33.78670960187353, 35.11407051282051, 33.348354616895875]","[36.4723221068625, 36.08694907407408, 34.02903774501863, 32.57426174496644, 33.169624387588456, 33.44925028291211, 32.2313684119876, 32.106281584798865, 33.042419786096254, 32.932222814498935, 33.67998614958449, 35.63538157894737, 36.02810304449649, 38.0025641025641, 35.93499508840864]","[0.04344885231255344, 0.010310821240130896, -0.057411997860595865, -0.10387441728221586, -0.09327541769129001, -0.07414685586908824, -0.07510881963230998, -0.04284562425723084, -0.002936915328419328, -0.005840351414119671, 0.01894587535477444, 0.08672015372831622, 0.09506596657909608, 0.13395471725748054, 0.05185046001132066]","[0.00843261969524089, -0.009117880284727724, -0.07298857639069282, -0.12107180434024718, -0.11245541849451335, -0.09271429385212454, -0.09268489104145773, -0.0630680361537917, -0.026792855499002247, -0.0313260443882244, -0.009547201400669147, 0.055312687372834575, 0.056928116453416014, 0.08624572846077183, 0.0068303620021961725]","[0.0820173837549623, 0.030866673907253225, -0.04215090354469412, -0.08749153538187678, -0.07389642358522924, -0.05550013178574888, -0.0570255024281376, -0.022668596119059282, 0.019064067778881165, 0.018767567569642683, 0.04598685902885751, 0.11777783807848298, 0.13031346921375375, 0.18268172481005227, 0.09645863790235096]","[1160, 4724, 10997, 10898, 10322, 6583, 9296, 7867, 7519, 6960, 8098, 8251, 6514, 5214, 4078]","[4049, 5522, 6308, 5333, 3745, 5401, 5912, 5036, 3817, 2875, 2600, 1969, 1339, 822, 1052]"
RJ,"[33.79779082568807, 30.515624161073823, 30.546858561258897, 30.180382627422826, 30.78893415007657, 29.934997382198954, 28.885967394030597, 24.658916349995128, 24.48817472136818, 24.525845361280627, 25.669485491861288, 26.057448641229755, 27.363720795597846, 30.181870521760036, 33.12950196463654]","[32.77405963302753, 30.154834796076408, 30.1917946796553, 29.826607527433087, 29.83135528330781, 28.914354275741708, 28.34528467519438, 24.400109617071035, 24.24810602421214, 24.259791500840187, 25.36903429196423, 25.77264068075762, 27.06209589590737, 29.74199026208223, 32.64384647768734]","[34.800963302752294, 30.91495095508518, 30.881385818658675, 30.53595272279766, 31.75658499234303, 30.95639179755672, 29.488844996237773, 24.92136680307902, 24.756344878939277, 24.782110639426904, 25.996339188058933, 26.31427120505078, 27.661961194543164, 30.639351406588123, 33.62531223687904]","[30.50784126984127, 29.75245769622834, 28.829086786551994, 24.440556740289416, 23.794725042111175, 26.890145991561177, 25.686389890445152, 25.62815681157259, 30.372245145631066, 32.46216044198895, 33.1396884503397, 34.152832661717916, 33.36615785123966, 32.03585895627645, 37.00084270833334]","[28.40626984126984, 28.73965341488277, 28.203889757623145, 24.17464711855801, 23.516037338573835, 26.418438818565402, 25.351315698238803, 25.309451196778763, 29.94498914154318, 31.835403314917126, 32.375452927855065, 33.55775185577942, 32.50196280991735, 30.484837799717912, 35.52903645833334]","[32.5715873015873, 30.795107033639145, 29.42144904873599, 24.71391089108911, 24.07731611454239, 27.36338818565401, 26.02721536541395, 25.95760383267467, 30.793992718446603, 33.06267955801105, 33.91440472339049, 34.84293743372216, 34.296157024793395, 33.678596614950635, 38.342786458333336]","[-0.09716544412082644, -0.02497055297768052, -0.05620214187537326, -0.19015423477692867, -0.22696168110423884, -0.10143765301371588, -0.110676290037216, 0.039334343399602935, 0.24031994115737612, 0.32363375246799025, 0.29106842905832303, 0.31071629978534654, 0.21940168918795533, 0.06149523148148429, 0.1169132446632383]","[-0.16106904875625347, -0.058186463902655236, -0.077738865486434, -0.20338195562251823, -0.251613509268221, -0.1352724005936532, -0.13185705120524127, 0.022747874538455587, 0.21887962953420184, 0.29460010964056504, 0.25583015097609674, 0.28207275436985035, 0.18457023960585084, 0.0043895116976078955, 0.07073762240773612]","[-0.03234463778473248, 0.010621151534743384, -0.03355428692388601, -0.17722085954129027, -0.2003205329250521, -0.0673137555712869, -0.09016836587671821, 0.05561035218130327, 0.26231140544957965, 0.3541437158532442, 0.32539701194345727, 0.3381689295639411, 0.25610198814894486, 0.12001687777663032, 0.16098906795487772]","[1106, 9827, 10826, 9886, 1316, 1151, 4019, 20702, 21002, 22817, 15717, 18420, 17721, 8488, 7346]","[317, 985, 3868, 19868, 17968, 5983, 14583, 13571, 7987, 4651, 3196, 4920, 2539, 729, 1019]"
RN,"[37.31004588547592, 37.153701483017066, 36.377128829117304, 35.827833747222584, 34.65602919563059, 34.03319210722264, 30.68161218274112, 24.413389597144313, 23.973580509218614, 24.161025329454045, 27.613086012526097, 28.42752353243197, 29.88607885186407, 32.280035136384654, 32.696330754950495]","[36.64540197193781, 36.69318290543772, 35.97849823887288, 35.420579009279834, 34.15745779543198, 33.29248883097543, 30.044306260575297, 23.88163776984532, 23.46114574187884, 23.662151292144447, 27.083914405010436, 27.958403217525245, 29.355819036621575, 31.69413430420712, 32.02133353960396]","[38.000094804702314, 37.6059998405358, 36.74376134059131, 36.266938962227165, 35.16937934458788, 34.71425912137007, 31.329255499153977, 24.919989801121876, 24.506584723441616, 24.676728564093786, 28.135981210855952, 28.92629642307034, 30.400890795117125, 32.90552473416551, 33.3517172029703]","[34.52570366546205, 33.79140181097906, 28.661160557563242, 23.176605570705107, 23.432086088307077, 28.02323247232472, 27.09617876566564, 28.97591457732416, 32.25607257810035, 32.51906932153393, 32.79662373285629, 37.76651028327513, 38.0868629032258, 20.18333212341198, 21.124991105463785]","[33.675038719669594, 32.97132144878325, 27.748451213216313, 22.63852746396572, 22.87160528067451, 27.16439114391144, 26.53115393710097, 28.415509207898825, 31.596039760176712, 31.775018436578172, 31.85623136553369, 36.81226232052774, 37.11757392473118, 18.987227767695103, 20.20889453621347]","[35.39133970056788, 34.682569326542165, 29.488900361383582, 23.71348363848851, 23.992078988240515, 28.953940432261465, 27.676696618585954, 29.586471045041044, 32.87570211423162, 33.27510140117994, 33.74071258199165, 38.69004656577415, 39.087309587813614, 21.26318058076225, 22.113516518424397]","[-0.07454833034971926, -0.09046828339374045, -0.2120907939399585, -0.35308865298546277, -0.32382854487298807, -0.1764968926735845, -0.116759163945028, 0.1870203474901719, 0.3456532308668904, 0.3460921767821143, 0.18784048061760977, 0.328633623774882, 0.2745024101202772, -0.37468627969955653, -0.35383905694915985]","[-0.10331142139965058, -0.11408573323644668, -0.2363876709908286, -0.370737017301224, -0.3437781295555522, -0.20668746140383157, -0.14255836423047943, 0.15497192353536696, 0.3056349699554969, 0.3025979238853656, 0.14563986831860615, 0.286011890102615, 0.23449387988875814, -0.4128314535062204, -0.38472059436903033]","[-0.047434141185811865, -0.06565927925331183, -0.1877409856348277, -0.33610320597202215, -0.30378381202526394, -0.14358529285159635, -0.09131437874841959, 0.22245766446655116, 0.3844592068085465, 0.38863868981704436, 0.23211845433166808, 0.3705599197832492, 0.31437186465253036, -0.339807775290306, -0.3224246941828529]","[2696, 6444, 9621, 7863, 5161, 2751, 3024, 5988, 5796, 5930, 4863, 5946, 6196, 4429, 3316]","[1984, 1813, 1978, 5221, 4585, 1920, 4288, 4601, 3253, 2771, 1721, 2800, 2440, 1127, 1613]"
RS,"[33.07339999999999, 32.8159, 33.079022727272736, 33.525977272727275, 37.56386666666667, 34.31957894736843, 36.51057575757576, 35.674615384615386, 35.26292405063291, 39.731333333333346, 38.52720463320463, 38.25027881040893, 33.88836879432624, 32.83181132075472, 37.46409818181817]","[23.195, 27.925, 28.272159090909092, 28.977272727272727, 30.666666666666668, 28.472368421052632, 32.24128787878788, 32.07628205128206, 31.872784810126582, 37.113214285714285, 36.21930501930502, 35.86905204460967, 31.00673758865248, 29.10377358490566, 35.19918181818182]","[46.0, 37.50125, 37.592045454545456, 38.29602272727273, 44.6, 40.63157894736842, 40.818939393939395, 39.11570512820513, 38.88607594936709, 42.54785714285715, 40.992374517374515, 40.53197026022305, 36.858865248226955, 36.4061320754717, 39.80027272727273]","[36.825545454545455, 34.123, 36.1876, 36.32134285714286, 31.79085185185185, 40.250166666666665, 38.888419999999996, 32.84234883720931, 34.25460810810811, 33.16209195402299, 38.0515, 37.791115839243496, 35.67771480144405, 35.67531666666667, 36.70654385964912]","[29.0, 26.994642857142857, 31.483333333333334, 32.51428571428571, 26.776851851851852, 37.30690104166666, 36.3839, 28.83604651162791, 30.364864864864863, 29.227586206896554, 35.367613636363636, 35.8936170212766, 33.49449458483755, 31.166666666666668, 33.333114035087725]","[45.63863636363636, 41.50178571428571, 40.38333333333333, 39.97142857142857, 36.7037037037037, 43.1203125, 41.2922, 36.68604651162791, 38.63648648648649, 37.05804597701149, 40.645568181818184, 39.4943853427896, 37.83438628158844, 40.41916666666666, 40.175438596491226]","[0.15278940305874758, 0.04610249520599345, 0.09975213435293988, 0.08847571312501275, -0.14608865340397942, 0.1825205179604764, 0.06881495248872536, -0.0768933319858674, -0.0262233484329072, -0.16425225296678603, -0.011356643587387659, -0.011034897037805642, 0.054894385781968744, 0.09030813510876172, -0.01925157395648463]","[-0.26036943665175527, -0.1954270633549221, -0.09827130829062133, -0.07865155046957568, -0.3394217657737582, -0.023346176713449147, -0.06450085613704339, -0.20880303210178364, -0.1659677769593894, -0.27341154582616173, -0.0997076057689312, -0.08258664735231268, -0.04682341903810921, -0.0913428450368302, -0.12289582637330587]","[0.7327761248039887, 0.35242527754056346, 0.32578602029863707, 0.2851634965444471, 0.06930806751548418, 0.43519753556910556, 0.21430554898543497, 0.07436741785311027, 0.1372787535070446, -0.04258455805368828, 0.0816291726316167, 0.07057167765983113, 0.17375577374942494, 0.2826105877540179, 0.09481627891318553]","[5, 40, 44, 44, 15, 19, 66, 78, 79, 218, 267, 277, 141, 108, 284]","[11, 14, 60, 70, 27, 200, 258, 86, 74, 89, 229, 437, 285, 61, 115]"
RO,"[28.690140096618357, 30.406669205658325, 30.821661396574438, 31.844165806081467, 31.910709866220735, 31.65519059011164, 30.96630511003357, 30.800649287169044, 31.257430663076406, 31.050543303121852, 30.78227386311438, 30.180080491962983, 30.22711112807205, 30.223599177095835, 30.826804402290627]","[26.58840579710145, 29.212051142546247, 29.976910408432147, 31.010255306942053, 31.167631688963212, 30.918171850079744, 30.219405072734055, 30.086720977596745, 30.77295523392797, 30.67619335347432, 30.430560404226, 29.741472844617633, 29.761830254922913, 29.734527687296417, 30.299592877594844]","[30.744685990338166, 31.46278563656148, 31.69433465085639, 32.64839357429719, 32.678543060200674, 32.36772328548645, 31.626566579634463, 31.539725050916495, 31.738821104005385, 31.432479859013092, 31.171917776757006, 30.601899659035556, 30.703404060448786, 30.741865249442824, 31.35900590551181]","[32.045021193530395, 31.232199421965316, 30.43871212121212, 30.83519942528736, 31.39239610267941, 31.03144855031268, 30.371262606613797, 29.53612296214424, 30.471223268325488, 30.553028113382897, 30.50489231927711, 30.387828467153284, 30.11241519607843, 31.245244060475162, 30.898996088657107]","[31.24643056330173, 30.51195809248555, 29.490776515151516, 29.96425287356322, 30.85113827993255, 30.609448550312678, 29.91495585814754, 28.923100303951365, 29.872775162519616, 29.94397072490706, 29.719578313253013, 29.591532846715328, 29.27093137254902, 30.013903887688986, 29.403552803129074]","[32.869534300055776, 31.939860308285166, 31.36587121212121, 31.748146551724137, 31.905424395727934, 31.447620807276863, 30.821693101900344, 30.144908814589666, 31.06112418740193, 31.14023001858736, 31.311031626506022, 31.204461678832114, 30.98045343137255, 32.62419006479482, 32.400684485006515]","[0.11861473977746624, 0.027525836611833235, -0.012211947692367235, -0.03152073911026489, -0.016105465726000658, -0.01957683007390635, -0.01908470836617449, -0.04092512770440417, -0.02509009350331592, -0.015988464796989166, -0.008972577734145481, 0.006934442204290763, -0.003729600790573132, 0.03387168741603733, 0.002420849521597219]","[0.035872546657122716, -0.014141599713293157, -0.0566272601231735, -0.06901857107897066, -0.04512118804508078, -0.0438196214332177, -0.04457300440921797, -0.06998208922949747, -0.049404111203554014, -0.03766590987213432, -0.03714010181521539, -0.020876786107152247, -0.0350279270956612, -0.011132639737506916, -0.05016927368403886]","[0.2098049435811797, 0.07414309379500374, 0.03097262245890541, 0.003961936578549782, 0.012555689184128409, 0.006239767904808673, 0.008809823676631579, -0.012504171685065193, -0.00015409015109639065, 0.006376319707576066, 0.020204004350978345, 0.03810876241952852, 0.02895676107350405, 0.07851187343542906, 0.053204554284123885]","[209, 925, 1527, 1757, 2417, 2538, 2721, 2490, 6047, 10106, 11097, 8373, 6703, 5972, 5735]","[1815, 2099, 1345, 1767, 5425, 8961, 6817, 3692, 4567, 4416, 2724, 2819, 2102, 952, 792]"
RR,"[27.711055555555554, 28.658774193548386, 31.51022388059701, 33.63421052631578, 33.86676344086022, 35.69042911877394, 34.29284104046243, 26.741913851351352, 26.296104918032785, 27.83584680996247, 29.04074429223744, 29.30460219399538, 26.34940429042904, 26.657431192660553, 29.3174606741573]","[19.608333333333334, 22.774193548387096, 26.982835820895524, 28.50526315789474, 31.628494623655914, 33.55095785440613, 32.46365606936416, 25.705806587837838, 25.449112021857925, 27.056908904810648, 28.13961187214612, 28.383631639722864, 24.819595709570958, 24.85086009174312, 27.028464419475654]","[35.888888888888886, 35.58145161290322, 35.92574626865672, 39.07105263157895, 36.166801075268815, 37.978448275862064, 36.153468208092484, 27.83555743243243, 27.2625, 28.559561583077446, 29.867168949771692, 30.206192263279448, 27.863242574257427, 28.33348623853211, 31.539794007490638]","[33.83958666666667, 35.596948616600784, 34.76600980392157, 25.546785647716682, 26.04122107081174, 29.257332649923114, 29.913401953942774, 26.74802602230483, 25.712577656675748, 27.519992700729926, 31.379185929648244, 30.53873563218391, 26.579766666666668, 24.079581632653063, 18.825417721518985]","[31.405666666666665, 33.45415019762846, 32.1171568627451, 24.4227632805219, 25.057512953367873, 28.334226037929266, 28.794801116538732, 25.185641263940518, 23.88801089918256, 24.17463503649635, 28.692713567839196, 27.659626436781608, 23.149583333333332, 20.26964285714286, 15.974683544303797]","[36.50033333333333, 37.6699604743083, 37.427696078431374, 26.69156570363467, 26.96814910765688, 30.207713992824193, 31.063695045359385, 28.50585501858736, 27.77152588555858, 30.598722627737228, 34.01017587939698, 33.632471264367815, 30.333333333333332, 27.785714285714285, 22.031803797468353]","[0.24954163350600272, 0.2582920038672182, 0.10918049969406973, -0.23573132203564115, -0.23019656896123225, -0.17943073765316117, -0.12701628138036755, 0.0006465356516210885, -0.02190765129971735, -0.011169251199228406, 0.08076458432055332, 0.042354543263699376, 0.009501510258130168, -0.09552313900927223, -0.35687829260146625]","[-0.06171018917298134, 0.0030277429717320064, -0.04867612131875775, -0.34775441969905735, -0.289242735849912, -0.2335327743408168, -0.18175803725099482, -0.0654915798931518, -0.09470565964683879, -0.13134005185532255, -0.013849181168912813, -0.059153082421830726, -0.131151393851468, -0.25597313907456104, -0.4638992278539145]","[0.7118911174785097, 0.5757941683046348, 0.31394812030475905, -0.09968090227195214, -0.1702467101012338, -0.12161964494580048, -0.0699212195640588, 0.07633680777591038, 0.06346277988299213, 0.10422273641787642, 0.18662746318831272, 0.14441135637171118, 0.16258962973944407, 0.05726972737342097, -0.2314465378553207]","[18, 31, 67, 57, 186, 262, 348, 1199, 1852, 2971, 2221, 1756, 612, 438, 269]","[150, 254, 206, 1087, 1758, 1978, 1456, 543, 369, 138, 200, 175, 121, 99, 158]"
SC,"[55.61275, 34.45784090909091, 33.91527777777778, 32.15759322033899, 31.5121, 31.83604, 32.55081818181818, 33.92792307692308, 32.787565217391304, 34.8471875, 35.36038356164383, 36.061480519480526, 33.077544303797474, 32.05222058823529, 31.277681818181815]","[49.0, 30.113068181818182, 30.202314814814812, 28.626694915254237, 27.265, 26.96, 28.209848484848482, 29.717307692307692, 28.369565217391305, 31.31171875, 32.09486301369863, 32.649025974025975, 29.809810126582278, 27.82095588235294, 28.92002840909091]","[63.0, 38.86420454545455, 37.629629629629626, 35.779661016949156, 36.06666666666667, 36.721, 37.184090909090905, 37.873076923076916, 36.739673913043475, 38.219140625, 38.49417808219178, 39.39123376623377, 36.646202531645564, 35.883823529411764, 33.687642045454545]","[31.454849999999997, 31.76925, 32.966227272727274, 33.90385294117647, 32.66665517241379, 34.98682978723404, 36.33986885245902, 35.60409523809523, 31.73767924528302, 30.946153846153845, 31.609676258992803, 35.76467513611616, 36.33329313929313, 29.705384615384617, 33.77492638036809]","[25.6, 25.4375, 27.635227272727274, 28.938970588235293, 27.72155172413793, 30.5531914893617, 32.75409836065574, 31.188690476190477, 27.282075471698114, 26.28798076923077, 28.89820143884892, 34.18765880217786, 34.69849272349273, 25.922435897435896, 30.993711656441718]","[37.55, 38.1890625, 38.50340909090909, 38.794117647058826, 37.380172413793105, 39.19255319148936, 39.95122950819672, 40.025, 36.04009433962264, 35.69230769230769, 34.5113309352518, 37.27100725952813, 37.919386694386695, 33.38685897435897, 36.22730061349693]","[-0.43170645319272893, -0.07374847206858964, -0.02476980631808712, 0.05780169618104716, 0.04210469689723841, 0.10563028283288571, 0.12256972733670476, 0.05359784040569417, -0.027813050035874566, -0.10958250902985543, -0.10390219353480772, -0.005956306888442946, 0.101573615147211, -0.0691706307931241, 0.08156427532783021]","[-0.562174498149602, -0.28017314952214734, -0.20841658199087537, -0.12864780829225853, -0.15630198905602175, -0.09821823308749841, -0.05781246616532635, -0.11159336373688344, -0.19498382897370897, -0.27022819000054993, -0.21382207637676795, -0.09879314076628289, -0.014287473540729794, -0.2241094690178193, -0.03912968814630342]","[-0.2913479262672811, 0.16918967784810574, 0.18639009105918838, 0.26654920659556175, 0.265874198640403, 0.3404623579669281, 0.3440445283184208, 0.24927068721381962, 0.17237689724397387, 0.0581501998248871, 0.013217076912095312, 0.10489756674193104, 0.23745309309483045, 0.1017386518391145, 0.20013153076406642]","[4, 44, 54, 59, 30, 25, 33, 39, 46, 64, 73, 78, 80, 70, 178]","[20, 16, 22, 34, 29, 47, 61, 43, 54, 53, 141, 561, 490, 79, 165]"
SP,"[33.50482937365011, 32.029133210558626, 31.892486475891804, 31.247827893175074, 31.329098089171975, 31.05909405255878, 32.95883509858236, 32.354856023651145, 32.73606979778213, 32.20807619279455, 32.79267671962706, 32.67611650755399, 34.00064577720511, 34.92398609941028, 37.239009433962266]","[31.819708423326134, 31.262998772252917, 31.2280772246178, 30.59429843153879, 30.533662420382168, 30.363750576302444, 32.48504155124654, 31.913658536585366, 32.288641552511415, 31.756992453748783, 32.41179002949291, 32.286205857818146, 33.55330326812698, 34.52818818449873, 36.94037511230908]","[35.18596112311015, 32.901350521792516, 32.5500196001568, 31.969669351420094, 32.17856687898089, 31.79175887505763, 33.4313263809679, 32.842025129342204, 33.15856164383561, 32.62644230769231, 33.17070450004757, 33.079462878858095, 34.43610753191988, 35.301195240101094, 37.51165318957772]","[30.979203703703703, 31.33004636459431, 33.01799270833333, 32.714532418001525, 30.55708610670893, 32.71461655803633, 32.77886449132287, 32.616728616211375, 34.66231201069314, 35.37431908763506, 37.626636923415255, 37.71822425159408, 34.62137763012181, 32.18745140032949, 41.87715928154632]","[29.70798611111111, 30.558996311907272, 32.55041232638889, 32.19621948893974, 29.734046487057583, 32.2364235196228, 32.37404655512834, 32.07688647559337, 34.12034561772007, 34.937175870348135, 37.329306174061244, 37.418199502863935, 34.04587947582133, 31.232193849533225, 41.46597146243618]","[32.22530864197531, 32.12878029504741, 33.508320312500004, 33.203723302822276, 31.334574749075543, 33.15791845791153, 33.1808193910423, 33.21264554411106, 35.209485392400225, 35.81864645858343, 37.92930205068998, 38.04981087214957, 35.210400516795865, 33.10129049972543, 42.25967815463166]","[-0.0747575585632593, -0.021665014253794693, 0.035411710591480315, 0.04707182260208936, -0.02445981919721142, 0.05345858405217821, -0.00540681342842598, 0.00814259942873183, 0.058891111729870084, 0.09836005684959055, 0.14745030740497053, 0.15434748036160548, 0.018297096795118907, -0.07832305828796159, 0.1245665165838121]","[-0.13233099138523471, -0.0571651011429992, 0.009611378613411088, 0.01889573239460554, -0.059789643171204956, 0.024990222169253246, -0.023617366634279147, -0.014408072223713961, 0.037738170347845525, 0.0798851749989511, 0.13165695064725091, 0.1375014298057633, -0.0029618740589383713, -0.10863261227293605, 0.11117967914980255]","[-0.011063168210329453, 0.011976956636891715, 0.06364719617969702, 0.0756411606231587, 0.012011119710778603, 0.08136079808270937, 0.013248856153079533, 0.03116000695768766, 0.08110227295107966, 0.11864291435598158, 0.16390535111023885, 0.17144401674588433, 0.039377951238526734, -0.048810996835557695, 0.1377368667176177]","[469, 1650, 2572, 2377, 1574, 2198, 6240, 6877, 6227, 8371, 10734, 11026, 8770, 9782, 23290]","[652, 1924, 5862, 5331, 1911, 7356, 9838, 4566, 5392, 8594, 19086, 19455, 5619, 1866, 11563]"
SE,"[33.87831758957655, 33.43597307692308, 32.904066423115246, 32.512287495277675, 32.152241085683876, 31.351821917808223, 31.041333919156415, 20.30929565537555, 19.793591784805525, 19.3694571529745, 20.266571186440675, 19.240082047685835, 18.818212189616254, 20.23908991494532, 24.868918584070798]","[32.60582247557004, 32.57110576923077, 32.28293756227167, 31.849556101246694, 31.342003725385844, 29.959969558599695, 29.692398945518455, 19.658155375552283, 19.107897128316974, 18.720131019830028, 19.288813559322033, 18.307065217391305, 17.882975921745675, 19.06063183475091, 23.21225663716814]","[35.14507328990228, 34.25149038461539, 33.52646961142477, 33.15805629013978, 32.896926556679084, 32.720624048706235, 32.46775043936731, 20.9394882179676, 20.41924754634678, 20.01031338526912, 21.3026906779661, 20.16923211781206, 19.816629044394283, 21.494653705953827, 26.626902654867255]","[31.481079439252337, 31.39543488943489, 30.595718670076728, 19.315695215118616, 19.167725376593282, 22.932372745490984, 19.07689847161572, 18.846152812762384, 19.35456327160494, 21.448859424920126, 26.788817330210776, 27.419, 21.567, 16.721653846153846, 15.364836683417085]","[29.670502336448596, 29.57487714987715, 28.930754475703324, 18.61096702854845, 18.5132966396292, 21.394789579158317, 17.99754366812227, 17.8651973131822, 17.958217592592593, 19.25758785942492, 24.765456674473068, 25.04445224719101, 18.049640287769783, 11.826923076923077, 14.47213149078727]","[33.231308411214954, 33.238452088452085, 32.2059462915601, 20.00647366304785, 19.823464658169176, 24.475, 20.125573144104802, 19.82550377833753, 20.70679012345679, 23.709664536741215, 28.89016393442623, 29.64705056179775, 25.1294964028777, 21.942307692307693, 16.21608040201005]","[-0.0703998515104162, -0.06087421904953537, -0.07006489592031565, -0.4058389896174, -0.40376011851944316, -0.2681607072437505, -0.3850764022520299, -0.0717875925069668, -0.02190751193860307, 0.10766225362137956, 0.3225631781691771, 0.42582673989499975, 0.1468190373767557, -0.17309601192762863, -0.38139964119026293]","[-0.131579730269343, -0.11821146059267226, -0.1238352056591509, -0.4296141651842204, -0.4282012734687902, -0.3281449427682096, -0.4311963378627679, -0.1274092891662689, -0.09906127323579868, -0.013178631931456014, 0.2078665758009196, 0.2930523604384494, -0.0480319134037939, -0.41675004605796606, -0.4407742021072291]","[-0.006692135093689184, -0.0008215678826218818, -0.020091983349951638, -0.3814286350970646, -0.37886218274011585, -0.20794645896707747, -0.3378572930002663, -0.012066055226278245, 0.053006884110195766, 0.22690455127592934, 0.45015034567354256, 0.5646065002596367, 0.3575548492998445, 0.08970308215759779, -0.32848697218511413]","[628, 1598, 3072, 2700, 1910, 667, 576, 2738, 2772, 2845, 1188, 1437, 1342, 837, 580]","[436, 411, 396, 2507, 2607, 503, 923, 1199, 657, 323, 437, 363, 141, 53, 1201]"
TO,"[33.57077353689568, 33.27070661157025, 32.5666898989899, 31.65475525210084, 31.235347130761998, 30.61038181818182, 29.87971835443038, 28.17003279231534, 27.826392129105322, 27.556657159155733, 28.431939897311988, 28.836166373239436, 29.886387046307885, 30.50896681802305, 31.261021528998246]","[31.903180661577608, 32.021005509641874, 31.406868686868687, 30.524553571428573, 30.0620884289746, 29.604683794466403, 29.182154159132008, 27.487909903941702, 27.201762457531142, 26.944587849401024, 27.75702959830867, 28.152486795774646, 29.2215112640801, 29.81453021306322, 30.472056239015817]","[35.17328244274809, 34.578684573002754, 33.71517676767677, 32.841491596638654, 32.34870649106303, 31.677292490118575, 30.646654611211574, 28.865874461742298, 28.42978482446206, 28.181410439247006, 29.085887949260044, 29.517224178403755, 30.566512828535668, 31.264154732797763, 32.04351933216169]","[31.382121401752194, 30.37071098901099, 29.444052036199093, 27.971768507638075, 26.80990269058296, 28.196784035476718, 28.8420115780446, 28.8536074108818, 30.377634112149533, 31.48171404588696, 30.6756600660066, 30.420246031746032, 29.249134005763693, 27.59231185031185, 27.916581913499343]","[30.079568210262828, 29.259203296703294, 28.61466346153846, 27.23256952604779, 26.00566143497758, 27.394168514412417, 28.069757718696398, 28.02369840525328, 29.573189252336448, 30.539941242305538, 29.634818481848182, 29.067743764172334, 27.668371757925073, 25.85966735966736, 26.444069462647445]","[32.62765957446808, 31.545274725274727, 30.256235859728505, 28.696083039561298, 27.616143497757847, 28.990077605321506, 29.608715694682676, 29.630874765478424, 31.18375, 32.452839955232236, 31.807776402640265, 31.780073696145124, 30.825972622478385, 29.36060291060291, 29.398722149410222]","[-0.06457901187382728, -0.08679041963090386, -0.09559807493200102, -0.11603913114871536, -0.1413677224134598, -0.07857265966525137, -0.034576112920233416, 0.024435774209551894, 0.09182880122242856, 0.1425973751731562, 0.07907678735911462, 0.055081331744021654, -0.021199392533667923, -0.0954412221087983, -0.10684047660781956]","[-0.1242342920763829, -0.133520736715788, -0.1353418729915104, -0.15723963964341928, -0.18276790147647526, -0.11872065171000498, -0.06881511734203292, -0.013809996438779703, 0.05436766389982041, 0.09989189161529194, 0.03263719049569724, 0.0006849266846937549, -0.07980583890727971, -0.15796033654276379, -0.157928083126929]","[-0.0009265989344665986, -0.03633997744660589, -0.05333835516041687, -0.07717137529978542, -0.09939566596785362, -0.03798645463915563, -0.0002236983488520524, 0.06463397293799862, 0.13084665895426542, 0.18680407380772962, 0.1264474799846898, 0.11074151445009386, 0.037762861142969055, -0.03381592534157792, -0.054009328678640556]","[398, 740, 1005, 964, 1079, 1286, 2253, 3061, 3584, 3567, 3376, 3472, 3250, 2912, 2320]","[814, 929, 1796, 2589, 2260, 2302, 2381, 2165, 2176, 1821, 1235, 899, 710, 494, 781]"
