year,<1,1-4,5-9,10-14,15-19,20-39,40-59,60-64,65-69,70-79,>80,code
2001,21,58,120,183,183,983,368,43,44,28,3,AC
2002,21,21,60,102,125,334,183,12,11,20,3,AC
2003,15,33,51,58,88,414,230,26,31,17,5,AC
2004,27,93,194,332,511,2275,939,116,78,87,25,AC
2005,7,30,77,141,259,1160,452,49,39,42,22,AC
2006,5,5,15,30,22,118,57,4,4,2,1,AC
2007,3,10,40,44,50,230,101,14,5,7,1,AC
2008,15,35,126,170,157,744,328,33,18,35,9,AC
2009,112,719,1218,1377,1619,7787,3599,422,317,246,53,AC
2010,411,1469,2334,2976,3384,14600,6401,710,491,873,246,AC
2011,160,734,1440,1572,2064,7977,3442,420,249,334,116,AC
2012,26,35,100,167,219,978,559,49,46,34,19,AC
2013,14,58,120,176,249,997,544,72,35,51,13,AC
2014,693,1380,1817,2611,3132,10578,4929,674,516,689,265,AC
2015,131,315,366,511,575,1877,901,142,63,120,42,AC
2016,28,48,74,106,180,566,279,30,20,21,9,AC
2017,31,35,67,123,188,706,363,42,28,35,8,AC
2018,142,181,313,519,748,2451,1213,182,97,138,49,AC
2019,226,289,496,801,978,4067,2166,254,210,255,86,AC
2020,104,152,287,446,622,2762,1653,221,146,196,77,AC
2001,23,63,74,94,150,591,360,52,45,48,17,AL
2002,83,156,273,429,705,2813,1197,110,71,77,18,AL
2003,32,87,218,374,691,2340,1183,150,72,90,19,AL
2004,27,73,200,328,517,1889,943,103,55,60,11,AL
2005,8,47,129,201,275,1094,478,73,38,36,4,AL
2006,18,45,145,256,308,1340,568,56,48,30,9,AL
2007,135,351,627,845,1078,4115,1804,171,123,93,32,AL
2008,217,610,1064,947,928,3102,1304,143,72,77,23,AL
2009,47,136,193,352,304,1339,442,63,25,28,6,AL
2010,790,2768,4349,4763,4686,12845,5740,593,418,370,145,AL
2011,134,270,516,645,875,2756,981,97,78,74,66,AL
2012,389,761,1187,2292,3286,11380,5023,484,292,301,100,AL
2013,159,464,671,852,1282,4119,1548,153,116,112,55,AL
2014,249,271,428,875,1509,5167,2134,228,124,155,37,AL
2015,540,830,1104,1543,1870,6684,3480,432,332,431,144,AL
2016,281,473,690,1082,1363,4539,2708,513,422,574,250,AL
2017,54,68,49,181,505,1189,493,66,70,104,28,AL
2018,40,64,81,144,339,1032,301,42,38,37,16,AL
2019,350,695,1248,1494,1733,4976,2387,305,241,271,98,AL
2020,78,114,200,187,236,840,443,40,37,32,9,AL
2001,40,41,107,175,310,1295,659,85,64,90,22,AP
2002,10,21,38,56,86,308,172,24,5,12,5,AP
2003,36,52,172,293,405,1738,893,109,84,79,18,AP
2004,32,27,83,175,235,1272,600,70,58,44,5,AP
2005,26,27,88,128,234,1192,593,57,37,36,12,AP
2006,20,31,85,139,164,739,408,39,25,29,11,AP
2007,65,84,197,259,278,1533,850,100,80,61,26,AP
2008,30,55,87,86,99,421,211,27,19,11,4,AP
2009,13,49,109,136,132,463,274,35,10,17,4,AP
2010,53,115,204,269,171,863,530,67,33,50,7,AP
2011,28,90,168,212,213,816,465,38,31,48,10,AP
2012,25,44,74,127,119,515,330,56,31,26,7,AP
2013,42,69,125,125,144,561,384,37,26,33,9,AP
2014,22,31,42,92,127,340,206,20,15,21,2,AP
2015,71,97,190,300,379,1191,710,82,60,58,21,AP
2016,33,61,97,130,178,771,448,37,27,21,3,AP
2017,25,40,50,77,84,372,199,24,12,22,7,AP
2018,20,23,51,62,68,259,203,33,17,14,4,AP
2019,13,12,15,15,21,62,33,5,8,3,2,AP
2020,4,9,5,1,4,5,8,1,2,2,1,AP
2001,158,814,1077,1456,2141,9110,3433,322,235,230,54,AM
2002,20,39,83,126,247,1138,455,41,27,23,6,AM
2003,61,209,309,349,369,1709,768,69,36,29,7,AM
2004,21,87,104,108,86,322,156,7,7,8,4,AM
2005,9,53,99,106,75,413,213,15,7,13,1,AM
2006,53,62,68,70,38,179,91,13,8,6,1,AM
2007,90,176,322,323,98,375,156,9,7,10,0,AM
2008,223,839,1411,1338,489,1871,894,81,56,63,21,AM
2009,32,60,136,150,154,551,265,29,20,16,2,AM
2010,123,265,719,835,600,2246,1118,148,93,99,40,AM
2011,1243,3918,5636,6554,5930,21434,10129,1065,673,775,247,AM
2012,124,293,328,385,474,1677,618,71,56,55,17,AM
2013,348,776,1084,1603,1659,6505,2784,307,179,235,89,AM
2014,110,156,250,347,393,1534,848,116,63,71,24,AM
2015,42,90,129,221,296,1117,614,80,44,58,23,AM
2016,44,62,85,159,170,705,406,57,28,36,24,AM
2017,26,59,110,177,191,647,356,39,29,32,14,AM
2018,11,31,43,54,73,284,112,13,13,7,9,AM
2019,48,121,194,285,348,1112,654,70,69,61,28,AM
2020,52,128,302,488,406,1586,1057,123,83,103,46,AM
2001,78,284,400,595,910,3494,1805,260,137,177,32,BA
2002,127,673,968,1560,2257,8492,4296,524,357,405,112,BA
2003,220,513,911,1604,2439,9369,5000,632,433,501,173,BA
2004,22,51,85,185,236,974,476,70,41,40,21,BA
2005,119,211,478,807,1126,4303,2400,311,224,231,70,BA
2006,63,128,200,329,397,1766,1034,155,108,129,31,BA
2007,123,176,350,472,628,2614,1509,171,143,119,45,BA
2008,338,718,1443,1753,1811,7120,3948,522,390,395,117,BA
2009,1351,4047,7145,7247,6576,23244,12056,1470,1134,1194,387,BA
2010,530,1189,2565,3372,3198,10485,5660,718,581,621,156,BA
2011,402,877,1823,2506,2713,9715,4996,625,434,419,129,BA
2012,608,1041,2062,3058,3502,12484,6722,764,522,458,187,BA
2013,591,1149,2054,3473,4575,16491,8671,1127,807,787,271,BA
2014,154,278,410,699,866,3722,1813,204,136,153,53,BA
2015,387,678,1148,1689,2186,9776,6355,829,558,657,224,BA
2016,462,633,1125,1838,3025,11592,7905,1283,1012,1377,745,BA
2017,52,146,197,301,388,1470,725,105,97,121,61,BA
2018,81,150,306,405,573,2048,1265,166,134,97,36,BA
2019,745,1256,3035,3540,4253,13738,7184,980,668,713,220,BA
2020,652,1202,2338,2815,3188,12299,7735,1010,689,878,355,BA
2001,184,940,1488,2122,2885,12984,7985,1041,692,671,161,CE
2002,98,475,838,1255,1740,7437,4271,613,431,455,134,CE
2003,273,800,1457,2270,2884,11286,6271,920,652,754,188,CE
2004,31,88,186,332,422,1556,881,135,67,111,22,CE
2005,294,1017,1826,2361,3020,9728,5170,620,489,514,182,CE
2006,317,1109,2110,2816,3109,10742,4896,568,433,455,166,CE
2007,943,1416,2431,2998,3431,11526,5944,784,642,673,230,CE
2008,1673,2884,5091,5207,4498,15589,7875,834,627,663,313,CE
2009,190,465,637,804,648,2147,922,118,81,95,33,CE
2010,370,898,1716,2112,2294,6516,3463,498,321,424,113,CE
2011,969,3443,5029,5991,6547,21030,9948,1231,852,1001,384,CE
2012,693,1610,3015,5035,5952,21945,10753,1233,712,762,261,CE
2013,418,797,1530,2342,3014,10648,5415,607,425,495,167,CE
2014,409,568,1016,1682,2260,7504,4397,568,402,478,169,CE
2015,963,1651,3193,5115,7032,23243,12344,1604,1028,1136,404,CE
2016,504,896,1725,2771,4524,16630,9287,1357,1081,1338,619,CE
2017,363,693,1412,1994,2866,10120,5367,801,661,748,350,CE
2018,50,103,193,251,437,1755,859,100,81,89,34,CE
2019,191,383,910,1266,1699,6446,3424,418,334,368,116,CE
2020,374,658,1308,1759,2029,8825,4760,524,334,370,122,CE
2001,3,27,32,60,95,547,277,23,14,12,2,DF
2002,19,38,54,122,250,1009,416,47,33,21,2,DF
2003,5,4,20,28,41,254,154,23,16,3,1,DF
2004,3,2,1,10,14,81,57,3,2,2,0,DF
2005,6,7,7,13,19,135,77,13,4,6,0,DF
2006,5,2,5,18,22,148,115,15,9,7,1,DF
2007,7,7,27,36,58,306,191,26,13,16,2,DF
2008,9,9,12,23,51,229,139,20,12,12,4,DF
2009,4,5,17,24,35,202,131,14,23,11,2,DF
2010,123,201,510,1043,1356,5403,2710,305,213,225,41,DF
2011,6,19,39,98,119,503,402,50,32,40,7,DF
2012,4,8,18,41,53,294,211,36,16,16,2,DF
2013,99,154,369,691,851,3768,2443,302,174,220,79,DF
2014,199,230,485,926,1195,4560,2913,378,245,263,67,DF
2015,102,151,362,655,895,3617,2470,322,194,244,80,DF
2016,205,292,649,1130,1363,5629,3901,525,335,365,113,DF
2017,107,168,158,190,224,934,742,91,54,48,14,DF
2018,66,61,80,91,117,507,299,40,25,31,9,DF
2019,459,691,1328,2101,2638,10789,7503,1013,612,602,230,DF
2020,444,838,1380,2017,2840,16334,12433,1546,1075,1164,473,DF
2001,24,81,169,346,423,2198,1182,117,78,64,12,ES
2002,121,323,636,1247,1967,7650,4092,412,267,319,56,ES
2003,178,405,1004,1912,3259,13341,6773,742,539,536,134,ES
2004,17,33,87,224,419,1536,886,88,64,79,17,ES
2005,30,45,123,200,276,1115,696,63,53,45,14,ES
2006,74,103,281,590,914,4191,2584,268,160,202,55,ES
2007,52,70,201,418,604,2554,1719,192,159,185,46,ES
2008,285,452,1107,1877,2310,9253,5815,646,459,507,138,ES
2009,555,1057,1923,2819,2932,11844,7367,845,758,747,224,ES
2010,206,452,998,1711,1993,8096,5012,603,349,457,167,ES
2011,439,647,1517,2995,3464,12522,7578,891,631,709,215,ES
2012,166,270,470,937,1095,4045,2118,240,114,108,34,ES
2013,743,1184,2615,5263,7172,25307,15415,1800,1150,1247,380,ES
2014,245,363,651,1258,2068,7517,4380,527,353,342,104,ES
2015,436,612,1279,2508,3561,12527,8149,1176,751,717,246,ES
2016,467,927,1624,2780,4044,14570,9668,1428,911,971,368,ES
2017,80,181,296,442,690,2203,1363,213,134,132,44,ES
2018,117,229,463,765,904,3443,2061,300,194,169,59,ES
2019,579,1246,2740,4559,6067,22153,15978,2759,1903,1534,566,ES
2020,39,119,294,490,657,2560,1922,414,271,251,105,ES
2001,62,178,328,632,978,4545,2186,166,124,69,18,GO
2002,314,615,1099,1621,2520,9470,3857,355,245,185,38,GO
2003,77,150,325,487,921,3819,1542,121,93,65,12,GO
2004,30,111,205,358,631,2659,1211,116,63,65,8,GO
2005,201,379,889,1251,1705,7661,3831,324,252,196,44,GO
2006,198,502,1269,1686,2124,9386,4878,532,378,378,84,GO
2007,177,279,735,1099,1343,5503,2960,305,244,248,61,GO
2008,429,809,1641,2638,3087,13402,7899,935,627,585,165,GO
2009,360,653,1213,2436,3049,13037,7506,886,634,635,141,GO
2010,792,1542,2949,5575,7275,29045,19357,2460,1846,2338,604,GO
2011,289,417,723,1461,2089,8287,4969,557,408,449,117,GO
2012,299,471,785,1249,2050,7931,4089,487,296,355,90,GO
2013,1004,2015,3889,6738,9458,38290,22807,2994,2014,2275,647,GO
2014,1046,1320,2813,5453,8634,31121,19170,2494,1777,1940,583,GO
2015,1318,1970,4062,7334,10871,41173,27945,3908,2703,3075,989,GO
2016,1213,1937,3591,5657,8422,33992,21056,2752,2011,1989,636,GO
2017,673,1187,1913,3057,4713,18411,11545,1455,1030,1021,370,GO
2018,1029,1671,2925,4743,6721,28608,19069,2689,1825,1902,685,GO
2019,1397,2753,4755,7155,10276,42139,29036,4088,2894,3236,1223,GO
2020,961,1482,2178,2957,4623,23538,16133,2068,1461,1618,584,GO
2001,38,153,307,545,735,2158,1240,214,118,150,55,MA
2002,99,189,393,697,937,2880,1740,240,194,164,48,MA
2003,81,161,304,546,685,1961,1159,150,110,104,47,MA
2004,22,31,50,103,144,523,314,40,26,29,10,MA
2005,40,95,223,340,507,1499,847,112,91,88,34,MA
2006,78,221,338,302,415,1225,664,97,51,66,17,MA
2007,334,821,1491,1172,1205,3598,1965,286,247,202,81,MA
2008,118,281,579,481,504,1615,746,85,71,69,18,MA
2009,36,66,116,214,238,608,308,22,22,12,13,MA
2010,158,333,858,600,446,1437,614,73,61,78,26,MA
2011,194,553,1057,998,776,2597,1363,172,115,133,34,MA
2012,120,216,317,348,382,1234,639,59,57,72,27,MA
2013,123,184,316,246,268,881,341,49,28,34,7,MA
2014,88,124,193,160,181,491,281,39,21,27,11,MA
2015,113,218,382,338,454,2068,1169,128,83,117,56,MA
2016,275,456,824,1007,1396,5158,2595,409,309,398,191,MA
2017,133,284,415,504,655,2026,1010,143,146,189,89,MA
2018,72,73,117,129,171,667,327,42,43,24,18,MA
2019,165,251,524,571,468,1384,630,77,58,81,18,MA
2020,71,74,139,148,208,691,357,42,25,38,15,MA
2001,20,38,90,204,230,1149,612,72,50,29,11,MT
2002,113,223,519,777,911,3587,1840,185,130,112,20,MT
2003,56,273,571,834,1108,3913,2029,191,143,124,23,MT
2004,35,103,131,206,239,912,519,57,33,49,12,MT
2005,45,148,310,587,677,2897,1562,163,118,109,26,MT
2006,96,173,462,770,906,3664,2113,214,129,136,28,MT
2007,147,359,769,1358,1589,6243,3476,369,231,238,48,MT
2008,68,175,312,481,569,2330,1309,150,107,104,14,MT
2009,1058,2891,4780,5494,4895,17810,9616,977,694,813,159,MT
2010,605,1722,2845,3391,3633,13422,7353,805,606,658,203,MT
2011,105,211,270,308,404,1610,965,130,75,84,28,MT
2012,500,879,1784,2825,3259,11486,6432,708,471,507,142,MT
2013,434,930,1602,2360,3414,12770,7383,756,510,569,174,MT
2014,152,283,330,436,702,2514,1289,153,103,97,33,MT
2015,352,677,1084,1530,1962,7514,4480,487,300,336,88,MT
2016,418,837,1058,1277,1822,6926,4484,547,391,404,95,MT
2017,150,277,466,651,961,3329,2015,288,188,164,58,MT
2018,135,343,490,560,615,2316,1433,233,164,164,56,MT
2019,246,538,773,902,883,3360,2170,304,183,206,67,MT
2020,699,1513,2481,2578,2673,10874,6823,880,589,628,196,MT
2001,43,185,347,684,971,4135,2189,234,153,150,43,MS
2002,53,265,503,933,1376,5218,2338,261,169,174,39,MS
2003,18,21,73,131,222,898,526,56,29,28,8,MS
2004,3,1,12,11,27,113,84,13,6,13,2,MS
2005,4,12,15,32,52,254,172,21,20,9,4,MS
2006,65,93,366,771,995,4034,2932,399,282,298,69,MS
2007,88,235,675,1207,1555,6292,3887,512,351,423,137,MS
2008,12,19,26,39,61,236,142,21,15,16,5,MS
2009,145,451,960,1219,1467,4587,2775,354,245,272,137,MS
2010,551,1307,2989,4586,5846,21405,13253,1663,1245,1444,386,MS
2011,130,192,326,489,557,2252,1470,181,120,138,39,MS
2012,125,145,341,671,883,3057,2018,279,170,182,48,MS
2013,377,738,1737,3256,4687,17264,11396,1491,1138,1208,374,MS
2014,56,95,132,190,323,1097,612,74,46,49,20,MS
2015,382,511,1074,2055,2466,8758,5911,825,555,606,189,MS
2016,422,915,1846,2646,3347,12312,8361,1222,827,858,298,MS
2017,40,59,111,127,180,661,376,36,35,37,12,MS
2018,47,116,241,360,498,2169,1381,186,120,111,38,MS
2019,730,1598,3339,4840,5493,20404,13282,1935,1222,1377,454,MS
2020,655,1188,2186,3085,3684,16014,11205,1622,1228,1293,427,MS
2001,70,285,691,1497,2245,9759,6076,816,536,450,162,MG
2002,191,517,1343,2630,3721,15106,8720,1007,758,646,179,MG
2003,92,152,425,954,1387,5427,3506,438,295,327,72,MG
2004,46,174,511,1017,1459,5421,3326,421,303,314,61,MG
2005,43,119,343,763,1157,4562,2968,341,267,270,58,MG
2006,128,327,1017,2072,2826,11283,7799,944,737,776,208,MG
2007,153,260,819,1900,2790,10486,6724,801,543,643,161,MG
2008,455,799,1920,3458,4296,15738,9751,1211,885,947,272,MG
2009,480,969,2394,4287,5073,19321,11813,1391,958,990,247,MG
2010,1760,3253,7458,15979,20889,75608,48210,6125,4065,4805,1303,MG
2011,303,536,1285,2453,3368,12074,7904,1058,741,885,274,MG
2012,397,512,1109,2087,2834,10392,5991,725,481,538,181,MG
2013,2617,5504,12203,27972,43648,157664,91170,11575,7507,7947,2453,MG
2014,541,709,1498,3481,5200,19724,13235,1835,1310,1518,459,MG
2015,1627,2418,5722,12083,17904,63880,42815,6314,4297,4498,1474,MG
2016,5176,9567,17662,30335,44685,168290,113046,17059,11603,12498,4688,MG
2017,294,492,879,1391,2188,7633,4847,714,521,589,243,MG
2018,296,520,1004,1664,2422,9598,6178,870,598,689,232,MG
2019,4738,10828,19210,29479,38555,153972,103349,15879,10737,10557,3863,MG
2020,776,1520,2845,3800,5008,23748,15801,2311,1602,1468,524,MG
2001,138,396,757,1151,1662,5659,2648,322,232,272,61,PA
2002,93,236,528,805,1122,4364,2154,245,185,179,58,PA
2003,87,237,479,774,1000,3579,1950,217,156,160,42,PA
2004,54,130,246,316,554,2045,1075,113,78,77,12,PA
2005,51,168,372,525,701,2649,1332,141,100,103,36,PA
2006,48,155,269,424,566,1959,1007,126,86,84,34,PA
2007,261,455,958,962,1069,4186,2201,232,168,159,46,PA
2008,242,607,1061,1085,1223,4540,2312,269,219,231,70,PA
2009,96,154,311,462,573,2262,1133,148,102,73,30,PA
2010,265,475,911,1283,1381,4901,2618,333,213,231,63,PA
2011,246,612,1081,1380,1580,5340,2762,291,228,277,67,PA
2012,250,348,735,1213,1500,5732,2788,340,227,226,77,PA
2013,121,269,510,703,976,3171,1489,178,124,147,35,PA
2014,52,132,185,314,398,1283,650,94,54,65,14,PA
2015,99,156,307,469,603,2407,1374,166,101,94,31,PA
2016,106,179,372,592,725,2780,1515,194,130,164,57,PA
2017,86,196,377,491,542,1996,992,124,88,93,39,PA
2018,52,59,108,162,189,724,397,47,31,22,10,PA
2019,47,95,161,215,247,808,452,68,34,37,10,PA
2020,38,54,110,149,184,814,445,63,40,33,12,PA
2001,43,212,376,569,753,2822,1547,239,183,215,63,PB
2002,73,302,462,772,1136,3985,2133,352,244,295,525,PB
2003,68,221,397,716,1059,3640,2076,313,235,257,254,PB
2004,20,27,36,54,78,287,144,17,9,11,5,PB
2005,51,129,224,364,465,1725,1090,137,123,114,36,PB
2006,45,55,93,131,165,712,371,49,44,37,8,PB
2007,126,226,364,498,549,2054,1276,166,120,146,52,PB
2008,133,245,417,395,397,1321,740,93,75,77,35,PB
2009,23,38,31,43,59,176,86,21,10,8,4,PB
2010,125,235,384,445,452,1566,912,97,79,93,36,PB
2011,178,484,706,919,813,2872,1617,218,150,162,51,PB
2012,140,187,352,611,649,3011,1491,168,90,99,25,PB
2013,206,332,427,705,936,3679,1776,231,150,164,65,PB
2014,136,234,291,327,324,1449,674,67,56,60,19,PB
2015,370,613,779,956,1132,5405,3256,417,294,382,149,PB
2016,302,462,795,1139,1141,5285,3750,551,524,709,339,PB
2017,34,50,94,133,286,1042,580,61,57,63,29,PB
2018,150,340,514,635,752,2415,1464,204,165,191,76,PB
2019,233,721,1534,1770,1727,4539,2215,291,196,203,71,PB
2020,91,226,282,300,316,1505,780,93,60,65,35,PB
2001,2,15,47,75,125,575,432,45,38,26,5,PR
2002,14,54,202,436,583,2479,1675,166,118,92,18,PR
2003,104,222,493,906,1166,4351,2712,341,277,263,83,PR
2004,0,2,3,9,6,49,36,1,0,5,0,PR
2005,2,12,30,71,91,433,289,36,31,12,1,PR
2006,5,10,41,76,117,482,320,47,30,28,2,PR
2007,171,290,886,1991,2549,9546,7491,1259,862,884,196,PR
2008,14,59,66,81,108,344,247,23,25,22,3,PR
2009,11,38,65,67,103,324,286,26,11,21,4,PR
2010,305,659,1400,3199,3614,12761,9215,1253,809,873,214,PR
2011,185,672,1319,2608,3073,10485,7417,1125,820,857,241,PR
2012,37,62,141,284,397,1362,1039,150,95,100,27,PR
2013,446,985,2154,4460,6112,20645,16859,2548,1965,2290,722,PR
2014,180,366,813,1600,2066,6936,5588,883,646,679,219,PR
2015,419,632,1433,2880,4160,14719,12321,2004,1503,1618,467,PR
2016,414,933,1796,3454,6052,21241,16753,2738,1898,2054,647,PR
2017,21,29,45,66,89,393,185,28,20,17,15,PR
2018,11,22,50,59,70,328,238,31,24,25,7,PR
2019,397,862,1823,2980,3434,14628,12230,1993,1397,1531,454,PR
2020,2318,5185,10391,15577,19269,84666,67527,11117,8352,9022,3171,PR
2001,169,526,671,964,1275,5285,2839,352,269,289,99,PE
2002,921,3860,5352,7549,9750,42088,20345,2396,1656,1883,560,PE
2003,244,652,746,1034,1563,5927,2965,418,289,323,112,PE
2004,45,91,146,184,245,777,391,54,45,52,14,PE
2005,63,181,308,417,527,2032,1152,137,109,100,38,PE
2006,129,392,619,731,778,2982,1747,176,138,131,32,PE
2007,457,1227,1611,1335,1462,5405,2939,367,250,239,69,PE
2008,403,988,1740,1465,1374,5063,2475,286,195,173,53,PE
2009,49,79,158,161,194,743,385,50,31,24,6,PE
2010,623,1590,3683,3897,2517,9419,5148,598,459,455,104,PE
2011,348,836,1443,1582,1325,4633,2676,347,192,204,64,PE
2012,456,957,1578,2482,2542,11096,6075,711,413,368,120,PE
2013,89,176,279,348,492,1998,926,107,58,64,18,PE
2014,205,268,367,566,718,3011,1404,153,95,89,25,PE
2015,1898,4085,4753,5329,5711,26416,17186,2254,1640,1764,622,PE
2016,745,1656,2391,2857,3214,13812,9170,1485,1151,1620,712,PE
2017,159,391,466,420,672,2115,967,120,110,97,48,PE
2018,178,495,830,711,620,2169,1140,126,85,90,30,PE
2019,523,1076,2441,2523,2419,7658,3989,467,321,385,109,PE
2020,288,404,724,730,838,4303,2554,274,173,213,53,PE
2001,31,198,336,629,1071,3678,1876,263,162,220,55,PI
2002,28,139,288,545,995,3526,1783,217,143,168,49,PI
2003,83,123,298,616,1070,3791,2026,300,201,238,60,PI
2004,9,12,31,43,87,285,185,30,27,18,7,PI
2005,38,65,148,263,472,1539,1022,155,122,156,51,PI
2006,59,116,227,281,370,1505,880,137,101,86,30,PI
2007,290,586,859,795,962,3243,1915,254,179,203,70,PI
2008,65,161,202,171,176,790,405,55,29,19,10,PI
2009,72,124,225,312,359,1345,726,137,87,88,32,PI
2010,145,224,459,543,593,2080,1265,164,173,136,32,PI
2011,174,369,746,917,1029,3585,1755,190,139,203,66,PI
2012,181,228,475,790,1188,4488,2068,270,185,207,68,PI
2013,64,129,213,287,417,1691,812,115,59,93,33,PI
2014,92,173,381,596,803,2811,1277,157,107,128,33,PI
2015,83,195,304,377,627,3010,1439,162,116,111,36,PI
2016,70,93,151,211,380,1637,717,100,88,97,38,PI
2017,44,71,169,260,446,1856,935,139,121,135,64,PI
2018,26,30,61,71,172,736,305,47,31,36,12,PI
2019,141,178,539,731,799,2687,1272,174,137,141,51,PI
2020,42,65,112,142,179,812,439,43,27,38,16,PI
2001,90,594,1449,2633,3307,15652,9940,1049,672,585,149,RJ
2002,503,3944,8069,11361,14205,62142,36950,4229,3115,3151,982,RJ
2003,9,30,51,94,151,658,424,53,40,34,9,RJ
2004,0,2,7,10,14,69,31,3,3,3,2,RJ
2005,4,14,27,25,28,134,96,7,6,4,2,RJ
2006,30,104,309,623,608,2669,1878,207,139,112,39,RJ
2007,233,460,1581,2190,2090,8833,6614,809,580,640,154,RJ
2008,1313,3443,9343,10723,7143,22858,14774,1746,1243,1379,406,RJ
2009,66,177,314,360,310,1277,805,85,73,55,23,RJ
2010,303,594,1393,2257,1868,6458,4637,509,423,399,110,RJ
2011,2011,6139,11858,17400,14049,42121,25204,3304,2222,2267,729,RJ
2012,688,1175,2766,6509,6949,22232,14929,2074,1225,1292,339,RJ
2013,1234,2153,4924,10644,14746,54325,37101,4924,2952,3046,847,RJ
2014,84,177,145,266,361,1346,774,107,69,72,29,RJ
2015,547,899,1826,3250,4068,14629,11007,1743,1114,1157,357,RJ
2016,600,942,1916,2874,3522,14710,10715,1701,1263,1283,482,RJ
2017,125,197,343,504,736,2624,1527,222,166,155,57,RJ
2018,94,171,406,605,735,3270,2239,400,254,253,92,RJ
2019,247,545,1160,1623,2061,9313,6896,1112,809,696,285,RJ
2020,53,97,133,147,179,1016,605,65,42,46,15,RJ
2001,126,405,696,1231,1578,7250,4006,538,357,421,115,RN
2002,71,279,472,753,1075,4649,2516,340,254,293,82,RN
2003,97,206,390,662,937,3731,2250,289,200,233,85,RN
2004,22,40,73,96,134,608,359,47,33,30,10,RN
2005,39,86,143,248,366,1600,904,106,91,84,39,RN
2006,85,190,277,339,533,2359,1258,154,101,121,31,RN
2007,129,305,448,516,595,2412,1348,177,129,132,36,RN
2008,330,944,1552,1184,986,4067,2308,313,190,211,99,RN
2009,21,38,44,32,31,150,79,3,9,6,3,RN
2010,71,137,283,287,298,1076,660,108,64,55,8,RN
2011,341,804,1410,1334,1258,4346,2608,330,193,221,100,RN
2012,232,482,763,1164,1253,5134,2965,361,243,227,102,RN
2013,162,296,522,716,1046,4393,2608,333,249,272,79,RN
2014,127,171,285,348,399,1540,921,140,94,102,38,RN
2015,128,267,341,379,454,2352,1606,164,112,124,30,RN
2016,173,333,577,795,886,3586,2291,307,313,418,194,RN
2017,39,94,118,146,208,845,375,29,30,49,23,RN
2018,356,1100,1554,1431,1113,3529,1920,264,171,164,86,RN
2019,168,376,606,700,885,3840,2403,349,268,294,146,RN
2020,54,129,191,168,227,1331,723,99,51,85,30,RN
2001,0,0,0,2,3,15,13,2,1,0,0,RS
2002,3,1,4,15,27,151,117,16,9,6,0,RS
2003,0,0,1,0,0,23,15,3,3,1,0,RS
2004,0,0,0,0,1,10,5,0,1,0,0,RS
2005,0,0,0,0,2,19,16,1,1,0,0,RS
2006,0,2,2,3,3,28,21,1,5,3,0,RS
2007,1,4,12,31,29,144,120,24,6,8,3,RS
2008,0,2,0,1,3,53,24,7,2,0,0,RS
2009,0,0,0,0,4,20,15,1,0,1,0,RS
2010,32,117,156,217,280,1250,936,159,105,185,34,RS
2011,0,1,3,9,26,119,111,17,11,9,1,RS
2012,1,0,1,9,2,45,36,8,5,5,0,RS
2013,0,3,10,16,34,155,142,15,10,7,1,RS
2014,0,0,1,5,8,39,21,3,3,3,3,RS
2015,7,10,31,59,87,399,457,79,62,72,26,RS
2016,13,26,68,133,229,904,716,152,102,107,28,RS
2017,0,0,0,2,2,9,9,1,2,0,0,RS
2018,0,0,0,3,0,11,5,2,3,1,0,RS
2019,8,19,36,82,107,528,407,84,41,39,9,RS
2020,30,59,110,208,267,1338,1122,170,128,160,46,RS
2001,3,26,48,71,96,462,234,28,18,15,6,RO
2002,24,31,60,109,138,527,326,34,17,19,1,RO
2003,23,60,120,209,309,1362,671,72,45,27,9,RO
2004,22,54,105,215,339,1335,856,79,54,68,13,RO
2005,29,80,183,340,492,2025,1067,107,82,75,19,RO
2006,29,52,113,241,311,1257,752,77,59,68,17,RO
2007,19,30,66,164,241,876,530,51,30,44,3,RO
2008,42,62,169,272,351,1620,1099,110,78,62,20,RO
2009,232,421,721,1106,1468,5944,3183,310,293,247,82,RO
2010,261,664,1014,1463,2054,7691,3888,413,288,382,109,RO
2011,28,59,104,161,232,696,391,44,28,39,17,RO
2012,39,63,114,154,312,793,519,50,49,47,22,RO
2013,57,169,311,403,714,2545,1551,165,131,183,39,RO
2014,27,71,106,144,151,598,388,45,31,47,10,RO
2015,40,52,107,125,188,676,493,50,34,57,13,RO
2016,109,188,269,370,480,2030,1317,135,102,94,39,RO
2017,38,83,116,120,174,682,445,63,36,45,18,RO
2018,12,35,46,30,49,186,111,18,11,13,4,RO
2019,24,40,48,56,89,310,228,29,19,27,12,RO
2020,77,134,224,242,250,1297,989,104,82,69,23,RO
2001,39,50,111,206,295,1401,681,50,34,32,11,RR
2002,21,29,65,99,95,546,287,26,18,24,4,RR
2003,92,146,238,330,538,2337,1014,88,74,70,17,RR
2004,19,23,45,43,60,247,118,7,7,4,3,RR
2005,30,71,126,214,248,1049,467,34,25,17,10,RR
2006,12,41,52,83,87,398,205,15,13,15,1,RR
2007,5,20,46,59,46,245,155,13,7,10,0,RR
2008,63,129,253,334,350,1552,796,71,55,67,15,RR
2009,45,102,201,239,316,1344,673,90,39,53,14,RR
2010,92,290,452,656,799,2634,1357,156,90,199,28,RR
2011,12,35,45,69,136,525,265,30,18,33,4,RR
2012,29,51,92,157,209,751,375,47,27,24,4,RR
2013,29,50,51,77,109,317,185,20,17,9,4,RR
2014,57,71,73,77,96,306,143,24,12,16,3,RR
2015,17,44,67,81,97,378,239,21,14,17,3,RR
2016,9,4,13,19,31,74,35,3,4,2,1,RR
2017,14,22,36,41,14,37,26,2,2,1,1,RR
2018,13,7,11,12,12,33,14,0,1,1,1,RR
2019,37,102,165,243,190,525,259,28,19,19,3,RR
2020,18,42,71,62,49,153,81,5,4,7,2,RR
2001,0,0,0,0,2,17,11,1,2,0,0,SC
2002,1,3,9,7,13,94,87,6,4,4,0,SC
2003,0,1,1,3,4,19,19,2,1,1,0,SC
2004,0,1,0,0,0,10,3,0,0,0,0,SC
2005,1,0,0,3,1,21,19,1,0,0,0,SC
2006,0,0,1,0,1,29,23,1,4,0,0,SC
2007,0,0,1,3,3,46,47,5,6,2,1,SC
2008,0,0,0,2,1,35,14,0,1,0,0,SC
2009,0,1,1,1,1,19,19,1,1,1,0,SC
2010,1,0,1,3,10,70,65,9,3,2,0,SC
2011,2,1,2,0,7,66,33,7,1,6,0,SC
2012,0,0,0,1,6,35,30,3,3,1,0,SC
2013,0,0,4,6,13,109,121,16,2,6,0,SC
2014,0,0,2,1,3,32,27,4,2,0,0,SC
2015,16,45,121,201,334,1600,1025,138,79,72,7,SC
2016,25,57,115,255,393,1643,1281,215,173,217,62,SC
2017,0,0,0,2,4,11,5,1,1,0,0,SC
2018,1,0,2,2,11,28,18,4,1,0,0,SC
2019,11,19,72,96,166,776,570,105,64,48,13,SC
2020,69,188,409,693,906,4837,3407,425,272,178,31,SC
2001,73,516,1499,3537,4654,21181,16210,2201,1588,1419,191,SP
2002,203,533,1302,2764,4463,18976,11802,1448,991,981,194,SP
2003,81,145,471,980,1276,6412,4601,611,424,417,83,SP
2004,21,27,112,216,272,1234,914,125,50,69,12,SP
2005,49,94,238,414,454,2209,2031,247,182,185,38,SP
2006,300,743,2143,3756,5307,23491,16826,2268,1730,1806,357,SP
2007,671,1452,3636,6946,10096,41538,29443,4068,3025,3226,718,SP
2008,82,146,323,605,698,3228,2410,295,210,210,47,SP
2009,80,134,342,707,796,3715,2753,338,300,230,55,SP
2010,1582,3444,7571,14407,17577,75597,51977,7324,5245,5548,1658,SP
2011,875,1830,3653,7192,8438,35635,26930,3922,2781,2934,765,SP
2012,204,328,790,1692,2211,9993,7346,1019,743,761,205,SP
2013,1666,3184,7170,14653,19869,80252,58406,8558,5857,5954,1737,SP
2014,1979,3266,7155,14003,19895,79407,57882,8762,6053,6308,1838,SP
2015,6345,11656,25477,46509,64714,256759,196527,32664,23327,26238,8365,SP
2016,1517,3061,5873,9729,14768,64476,47541,7557,5245,5625,1917,SP
2017,128,255,339,432,612,2492,1543,222,136,158,62,SP
2018,160,245,580,821,1149,5834,4493,732,483,508,162,SP
2019,3197,7483,17073,26892,32212,149131,119970,20888,15011,15171,5091,SP
2020,1518,3838,8056,11527,13760,70492,59391,9887,7231,7609,2702,SP
2001,23,41,106,177,298,1194,704,87,47,61,13,SE
2002,71,95,190,339,483,2159,1125,117,73,73,16,SE
2003,61,95,183,336,466,2184,1047,108,98,84,38,SE
2004,3,7,15,22,49,201,77,7,7,6,3,SE
2005,7,17,25,46,70,264,171,14,10,10,1,SE
2006,12,23,69,101,111,462,245,22,17,16,5,SE
2007,17,49,47,73,75,362,187,25,14,10,8,SE
2008,446,1609,2610,1967,1767,6311,2728,300,202,167,54,SE
2009,9,41,31,37,85,227,83,6,7,7,1,SE
2010,14,19,79,57,49,192,91,9,8,4,1,SE
2011,53,145,301,306,253,856,409,37,26,24,7,SE
2012,62,120,265,430,468,1763,777,59,30,36,12,SE
2013,16,22,26,45,65,255,87,8,8,8,3,SE
2014,29,86,159,190,246,908,373,34,17,25,8,SE
2015,145,195,391,487,598,2908,1728,224,158,190,69,SE
2016,34,74,149,162,198,746,399,52,67,53,29,SE
2017,2,14,24,20,42,141,43,2,1,4,6,SE
2018,8,9,13,24,18,68,40,0,3,3,0,SE
2019,175,447,1166,1091,645,1408,673,84,56,52,19,SE
2020,29,65,152,147,114,768,440,46,37,38,10,SE
2001,42,121,184,350,469,2108,1066,130,92,76,25,TO
2002,15,51,97,162,223,819,425,50,30,36,6,TO
2003,18,38,98,175,225,829,359,45,27,24,6,TO
2004,6,29,101,132,174,617,313,43,25,31,6,TO
2005,14,70,148,272,358,1482,654,63,52,43,13,TO
2006,33,102,283,471,665,2517,1218,128,83,94,19,TO
2007,136,369,737,1085,1465,5417,2439,222,180,205,51,TO
2008,107,306,673,770,897,3370,1716,187,130,124,36,TO
2009,64,156,263,382,402,1644,725,86,45,61,12,TO
2010,109,281,633,860,1020,3634,1646,199,141,151,42,TO
2011,119,363,664,831,1133,3967,1594,152,133,162,38,TO
2012,149,269,532,921,1335,4941,2157,215,165,166,52,TO
2013,81,170,415,629,946,3425,1607,205,144,128,43,TO
2014,46,77,181,255,447,1393,638,74,55,53,29,TO
2015,118,156,348,583,867,3117,1399,137,97,97,23,TO
2016,102,140,288,501,841,2807,1310,188,107,104,39,TO
2017,72,85,190,314,459,1652,840,73,67,86,50,TO
2018,49,66,120,201,281,966,504,52,36,45,17,TO
2019,200,475,982,1221,1531,4877,2537,283,186,188,73,TO
2020,25,41,102,128,200,806,366,28,33,24,7,TO
